game_id,period,clock_seconds,team,player,is_three,made,distance_ft,shot_class,margin_before,abs_margin_before,type_text,game_num,is_clutch,pressure
401859963,1,705.0,NY,Jalen Brunson,True,True,26.0,three,0,0,Jump Shot,1,False,Q1-Q3
401859963,1,682.0,SA,Victor Wembanyama,False,True,15.0,midrange,-3,3,Pullup Jump Shot,1,False,Q1-Q3
401859963,1,657.0,NY,Jalen Brunson,False,False,1.0,rim,1,1,Driving Layup Shot,1,False,Q1-Q3
401859963,1,653.0,NY,OG Anunoby,True,True,24.0,three,1,1,Jump Shot,1,False,Q1-Q3
401859963,1,631.0,SA,Victor Wembanyama,False,False,7.0,short2,-4,4,Pullup Jump Shot,1,False,Q1-Q3
401859963,1,629.0,SA,Devin Vassell,True,False,25.0,three,-4,4,Jump Shot,1,False,Q1-Q3
401859963,1,626.0,SA,Stephon Castle,False,False,1.0,rim,-4,4,Layup Shot Putback,1,False,Q1-Q3
401859963,1,618.0,NY,Karl-Anthony Towns,True,False,27.0,three,4,4,Jump Shot,1,False,Q1-Q3
401859963,1,601.0,NY,OG Anunoby,False,True,1.0,rim,4,4,Running Layup Shot,1,False,Q1-Q3
401859963,1,587.0,SA,Stephon Castle,False,False,7.0,rim,-6,6,Cutting Layup Shot,1,False,Q1-Q3
401859963,1,576.0,SA,Victor Wembanyama,False,False,12.0,short2,-6,6,Turnaround Fade Away Jump Shot,1,False,Q1-Q3
401859963,1,569.0,NY,Mikal Bridges,False,False,,short2,6,6,Running Pullup Jump Shot,1,False,Q1-Q3
401859963,1,560.0,SA,De'Aaron Fox,True,False,25.0,three,-6,6,Running Jump Shot,1,False,Q1-Q3
401859963,1,559.0,SA,Devin Vassell,False,True,1.0,rim,-6,6,Tip Shot,1,False,Q1-Q3
401859963,1,536.0,NY,Josh Hart,False,True,2.0,rim,4,4,Driving Finger Roll Layup,1,False,Q1-Q3
401859963,1,516.0,SA,De'Aaron Fox,True,False,25.0,three,-6,6,Step Back Jump Shot,1,False,Q1-Q3
401859963,1,509.0,NY,Josh Hart,False,False,3.0,rim,6,6,Running Layup Shot,1,False,Q1-Q3
401859963,1,501.0,SA,Victor Wembanyama,True,True,25.0,three,-6,6,Running Jump Shot,1,False,Q1-Q3
401859963,1,472.0,NY,Jalen Brunson,True,False,25.0,three,3,3,Pullup Jump Shot,1,False,Q1-Q3
401859963,1,463.0,SA,De'Aaron Fox,True,False,24.0,three,-3,3,Jump Shot,1,False,Q1-Q3
401859963,1,448.0,NY,Karl-Anthony Towns,False,True,3.0,rim,3,3,Driving Floating Jump Shot,1,False,Q1-Q3
401859963,1,419.0,NY,Karl-Anthony Towns,False,True,1.0,rim,5,5,Driving Finger Roll Layup,1,False,Q1-Q3
401859963,1,398.0,SA,Stephon Castle,True,False,27.0,three,-7,7,Jump Shot,1,False,Q1-Q3
401859963,1,380.0,NY,Karl-Anthony Towns,False,False,1.0,rim,7,7,Driving Layup Shot,1,False,Q1-Q3
401859963,1,367.0,SA,Stephon Castle,False,True,8.0,short2,-7,7,Pullup Jump Shot,1,False,Q1-Q3
401859963,1,355.0,NY,Josh Hart,True,False,26.0,three,5,5,Jump Shot,1,False,Q1-Q3
401859963,1,347.0,SA,Keldon Johnson,False,False,1.0,rim,-5,5,Running Layup Shot,1,False,Q1-Q3
401859963,1,308.0,NY,Landry Shamet,True,False,25.0,three,3,3,Jump Shot,1,False,Q1-Q3
401859963,1,304.0,NY,Karl-Anthony Towns,False,False,,short2,3,3,Fade Away Jump Shot,1,False,Q1-Q3
401859963,1,294.0,SA,Keldon Johnson,True,False,23.0,three,-3,3,Jump Shot,1,False,Q1-Q3
401859963,1,284.0,NY,Jalen Brunson,False,False,16.0,midrange,3,3,Pullup Jump Shot,1,False,Q1-Q3
401859963,1,276.0,SA,Devin Vassell,True,False,,three,-3,3,Running Pullup Jump Shot,1,False,Q1-Q3
401859963,1,238.0,SA,Dylan Harper,False,True,3.0,rim,-1,1,Running Pullup Jump Shot,1,False,Q1-Q3
401859963,1,216.0,NY,Jalen Brunson,True,False,26.0,three,-2,2,Jump Shot,1,False,Q1-Q3
401859963,1,205.0,SA,Dylan Harper,True,True,23.0,three,2,2,Jump Shot,1,False,Q1-Q3
401859963,1,192.0,NY,Landry Shamet,True,True,24.0,three,-5,5,Jump Shot,1,False,Q1-Q3
401859963,1,181.0,SA,Julian Champagnie,True,True,22.0,three,2,2,Jump Shot,1,False,Q1-Q3
401859963,1,167.0,NY,Jalen Brunson,False,False,1.0,rim,-5,5,Driving Layup Shot,1,False,Q1-Q3
401859963,1,163.0,SA,Julian Champagnie,True,False,25.0,three,5,5,Running Jump Shot,1,False,Q1-Q3
401859963,1,139.0,NY,Jalen Brunson,False,False,12.0,short2,-5,5,Step Back Jump Shot,1,False,Q1-Q3
401859963,1,123.0,SA,Julian Champagnie,True,True,23.0,three,5,5,Jump Shot,1,False,Q1-Q3
401859963,1,101.0,NY,Miles McBride,True,False,26.0,three,-8,8,Pullup Jump Shot,1,False,Q1-Q3
401859963,1,88.0,SA,Dylan Harper,False,True,7.0,short2,8,8,Driving Floating Jump Shot,1,False,Q1-Q3
401859963,1,76.0,NY,Miles McBride,True,False,26.0,three,-10,10,Jump Shot,1,False,Q1-Q3
401859963,1,75.0,NY,Mikal Bridges,False,True,1.0,rim,-10,10,Tip Shot,1,False,Q1-Q3
401859963,1,58.3,SA,Victor Wembanyama,False,False,11.0,short2,8,8,Fade Away Bank Jump Shot,1,False,Q1-Q3
401859963,1,27.5,NY,Jose Alvarado,True,False,26.0,three,-8,8,Step Back Jump Shot,1,False,Q1-Q3
401859963,1,2.3,SA,Stephon Castle,False,False,11.0,short2,8,8,Turnaround Jump Shot,1,False,Q1-Q3
401859963,2,696.0,SA,Victor Wembanyama,True,False,30.0,three,8,8,Jump Shot Bank,1,False,Q1-Q3
401859963,2,677.0,SA,Harrison Barnes,True,False,25.0,three,8,8,Jump Shot,1,False,Q1-Q3
401859963,2,654.0,NY,Miles McBride,True,True,25.0,three,-8,8,Jump Shot,1,False,Q1-Q3
401859963,2,641.0,NY,Karl-Anthony Towns,False,False,3.0,rim,-5,5,Driving Dunk Shot,1,False,Q1-Q3
401859963,2,632.0,NY,Jose Alvarado,False,True,1.0,rim,-5,5,Layup Driving Reverse,1,False,Q1-Q3
401859963,2,615.0,SA,Stephon Castle,False,True,1.0,rim,3,3,Driving Floating Bank Jump Shot,1,False,Q1-Q3
401859963,2,603.0,NY,Karl-Anthony Towns,False,True,1.0,rim,-5,5,Driving Layup Shot,1,False,Q1-Q3
401859963,2,578.0,NY,Landry Shamet,False,False,16.0,midrange,-5,5,Pullup Jump Shot,1,False,Q1-Q3
401859963,2,573.0,SA,Devin Vassell,True,False,27.0,three,5,5,Running Jump Shot,1,False,Q1-Q3
401859963,2,559.0,NY,Jose Alvarado,False,True,3.0,rim,-5,5,Driving Finger Roll Layup,1,False,Q1-Q3
401859963,2,542.0,NY,Miles McBride,True,False,24.0,three,-3,3,Running Jump Shot,1,False,Q1-Q3
401859963,2,527.0,SA,Victor Wembanyama,False,False,,short2,3,3,Driving Floating Bank Jump Shot,1,False,Q1-Q3
401859963,2,520.0,NY,Landry Shamet,True,False,23.0,three,-3,3,Running Jump Shot,1,False,Q1-Q3
401859963,2,508.0,SA,Dylan Harper,True,False,26.0,three,3,3,Jump Shot,1,False,Q1-Q3
401859963,2,456.0,SA,Devin Vassell,False,False,13.0,short2,3,3,Pullup Jump Shot,1,False,Q1-Q3
401859963,2,446.0,NY,Mitchell Robinson,False,True,1.0,rim,-3,3,Alley Oop Dunk Shot,1,False,Q1-Q3
401859963,2,422.0,NY,Jordan Clarkson,True,False,25.0,three,-2,2,Jump Shot,1,False,Q1-Q3
401859963,2,407.0,SA,De'Aaron Fox,True,False,25.0,three,2,2,Step Back Jump Shot,1,False,Q1-Q3
401859963,2,401.0,SA,De'Aaron Fox,False,False,6.0,short2,2,2,Pullup Jump Shot,1,False,Q1-Q3
401859963,2,393.0,NY,Jalen Brunson,False,False,1.0,rim,-2,2,Running Finger Roll Layup,1,False,Q1-Q3
401859963,2,392.0,NY,Mitchell Robinson,False,False,1.0,rim,-2,2,Tip Dunk Shot,1,False,Q1-Q3
401859963,2,385.0,SA,De'Aaron Fox,False,True,1.0,rim,2,2,Running Finger Roll Layup,1,False,Q1-Q3
401859963,2,363.0,NY,Jalen Brunson,False,True,2.0,rim,-4,4,Driving Floating Jump Shot,1,False,Q1-Q3
401859963,2,355.0,SA,Devin Vassell,True,True,26.0,three,2,2,Jump Shot,1,False,Q1-Q3
401859963,2,337.0,NY,Jalen Brunson,False,False,,short2,-5,5,Driving Floating Jump Shot,1,False,Q1-Q3
401859963,2,335.0,NY,Jalen Brunson,False,True,1.0,rim,-5,5,Tip Shot,1,False,Q1-Q3
401859963,2,301.0,NY,Jalen Brunson,False,True,1.0,rim,-3,3,Finger Roll Layup,1,False,Q1-Q3
401859963,2,284.0,SA,De'Aaron Fox,False,False,9.0,short2,1,1,Fade Away Jump Shot,1,False,Q1-Q3
401859963,2,260.0,NY,Jalen Brunson,False,True,5.0,short2,-1,1,Driving Floating Jump Shot,1,False,Q1-Q3
401859963,2,251.0,SA,Dylan Harper,False,True,3.0,rim,-1,1,Driving Finger Roll Layup,1,False,Q1-Q3
401859963,2,236.0,NY,Mikal Bridges,False,True,17.0,midrange,-1,1,Pullup Jump Shot,1,False,Q1-Q3
401859963,2,225.0,SA,Carter Bryant,True,False,23.0,three,-1,1,Jump Shot,1,False,Q1-Q3
401859963,2,199.0,SA,Keldon Johnson,True,True,24.0,three,-1,1,Jump Shot,1,False,Q1-Q3
401859963,2,181.0,NY,Jalen Brunson,True,False,27.0,three,-2,2,Pullup Jump Shot,1,False,Q1-Q3
401859963,2,171.0,SA,Victor Wembanyama,True,False,29.0,three,2,2,Jump Shot,1,False,Q1-Q3
401859963,2,152.0,NY,Landry Shamet,True,True,24.0,three,-2,2,Step Back Jump Shot,1,False,Q1-Q3
401859963,2,130.0,NY,OG Anunoby,True,False,23.0,three,-1,1,Jump Shot,1,False,Q1-Q3
401859963,2,119.0,SA,Julian Champagnie,True,True,26.0,three,1,1,Jump Shot,1,False,Q1-Q3
401859963,2,94.0,NY,Jose Alvarado,True,True,25.0,three,-4,4,Jump Shot,1,False,Q1-Q3
401859963,2,82.0,SA,Julian Champagnie,True,True,24.0,three,1,1,Jump Shot,1,False,Q1-Q3
401859963,2,58.5,NY,Jalen Brunson,True,False,26.0,three,-4,4,Step Back Jump Shot,1,False,Q1-Q3
401859963,2,47.8,SA,Stephon Castle,False,False,13.0,short2,2,2,Step Back Jump Shot,1,False,Q1-Q3
401859963,2,37.4,SA,De'Aaron Fox,False,True,1.0,rim,2,2,Running Dunk Shot,1,False,Q1-Q3
401859963,2,24.3,NY,Karl-Anthony Towns,False,False,,short2,-4,4,Driving Floating Jump Shot,1,False,Q1-Q3
401859963,2,23.0,NY,Karl-Anthony Towns,False,False,1.0,rim,-4,4,Tip Shot,1,False,Q1-Q3
401859963,2,2.3,SA,Julian Champagnie,True,True,22.0,three,4,4,Jump Shot,1,False,Q1-Q3
401859963,2,0.3,NY,Mikal Bridges,True,False,64.0,three,-7,7,Heave Jump Shot,1,False,Q1-Q3
401859963,3,703.0,SA,Victor Wembanyama,False,False,16.0,midrange,7,7,Pullup Jump Shot,1,False,Q1-Q3
401859963,3,679.0,NY,Josh Hart,True,False,26.0,three,-7,7,Jump Shot,1,False,Q1-Q3
401859963,3,644.0,NY,OG Anunoby,True,False,25.0,three,-7,7,Step Back Jump Shot,1,False,Q1-Q3
401859963,3,612.0,NY,OG Anunoby,False,False,17.0,midrange,-9,9,Pullup Jump Shot,1,False,Q1-Q3
401859963,3,604.0,SA,Julian Champagnie,True,False,26.0,three,9,9,Running Jump Shot,1,False,Q1-Q3
401859963,3,586.0,NY,Jalen Brunson,False,False,17.0,midrange,-9,9,Step Back Jump Shot,1,False,Q1-Q3
401859963,3,571.0,SA,Stephon Castle,False,True,2.0,rim,9,9,Driving Floating Jump Shot,1,False,Q1-Q3
401859963,3,557.0,NY,Karl-Anthony Towns,False,True,1.0,rim,-11,11,Alley Oop Layup Shot,1,False,Q1-Q3
401859963,3,525.0,NY,OG Anunoby,False,False,10.0,short2,-11,11,Pullup Jump Shot,1,False,Q1-Q3
401859963,3,512.0,SA,Stephon Castle,True,False,26.0,three,11,11,Jump Shot,1,False,Q1-Q3
401859963,3,491.0,NY,Mikal Bridges,False,False,10.0,short2,-11,11,Turnaround Fade Away Jump Shot,1,False,Q1-Q3
401859963,3,484.0,SA,De'Aaron Fox,False,False,5.0,short2,11,11,Running Pullup Jump Shot,1,False,Q1-Q3
401859963,3,482.0,SA,Stephon Castle,False,True,1.0,rim,11,11,Tip Shot,1,False,Q1-Q3
401859963,3,473.0,NY,Jalen Brunson,True,False,24.0,three,-13,13,Pullup Jump Shot,1,False,Q1-Q3
401859963,3,459.0,SA,Victor Wembanyama,True,False,25.0,three,13,13,Jump Shot,1,False,Q1-Q3
401859963,3,453.0,SA,Stephon Castle,True,False,26.0,three,13,13,Jump Shot,1,False,Q1-Q3
401859963,3,435.0,NY,Jalen Brunson,True,False,23.0,three,-13,13,Jump Shot,1,False,Q1-Q3
401859963,3,427.0,SA,Dylan Harper,False,False,,short2,13,13,Running Pullup Jump Shot,1,False,Q1-Q3
401859963,3,418.0,SA,Julian Champagnie,True,False,26.0,three,13,13,Jump Shot,1,False,Q1-Q3
401859963,3,391.0,SA,Dylan Harper,False,True,3.0,rim,12,12,Driving Floating Jump Shot,1,False,Q1-Q3
401859963,3,370.0,NY,Mikal Bridges,False,True,11.0,short2,-14,14,Pullup Jump Shot,1,False,Q1-Q3
401859963,3,358.0,SA,Stephon Castle,False,True,9.0,short2,11,11,Pullup Jump Shot,1,False,Q1-Q3
401859963,3,340.0,NY,Landry Shamet,False,True,1.0,rim,-13,13,Cutting Layup Shot,1,False,Q1-Q3
401859963,3,333.0,SA,Dylan Harper,True,False,26.0,three,11,11,Jump Shot,1,False,Q1-Q3
401859963,3,321.0,NY,Karl-Anthony Towns,False,True,2.0,rim,-11,11,Driving Finger Roll Layup,1,False,Q1-Q3
401859963,3,307.0,SA,Julian Champagnie,False,False,7.0,short2,8,8,Driving Floating Jump Shot,1,False,Q1-Q3
401859963,3,298.0,NY,Jalen Brunson,False,True,1.0,rim,-8,8,Running Layup Shot,1,False,Q1-Q3
401859963,3,275.0,SA,Dylan Harper,False,True,1.0,rim,6,6,Layup Driving Reverse,1,False,Q1-Q3
401859963,3,262.0,NY,Jalen Brunson,True,False,26.0,three,-8,8,Pullup Jump Shot,1,False,Q1-Q3
401859963,3,248.0,NY,Landry Shamet,True,True,24.0,three,-8,8,Running Jump Shot,1,False,Q1-Q3
401859963,3,230.0,SA,Dylan Harper,True,False,22.0,three,5,5,Jump Shot,1,False,Q1-Q3
401859963,3,220.0,NY,Miles McBride,True,False,25.0,three,-5,5,Jump Shot,1,False,Q1-Q3
401859963,3,216.0,NY,Karl-Anthony Towns,False,True,1.0,rim,-5,5,Layup Shot Putback,1,False,Q1-Q3
401859963,3,199.0,SA,De'Aaron Fox,False,True,8.0,short2,3,3,Pullup Jump Shot,1,False,Q1-Q3
401859963,3,176.0,NY,Josh Hart,True,False,25.0,three,-5,5,Jump Shot,1,False,Q1-Q3
401859963,3,172.0,NY,Karl-Anthony Towns,False,True,1.0,rim,-5,5,Layup Shot Putback,1,False,Q1-Q3
401859963,3,161.0,SA,De'Aaron Fox,False,False,1.0,rim,2,2,Driving Finger Roll Layup,1,False,Q1-Q3
401859963,3,151.0,NY,Karl-Anthony Towns,True,False,29.0,three,-2,2,Jump Shot,1,False,Q1-Q3
401859963,3,121.0,NY,Jalen Brunson,False,True,14.0,midrange,-2,2,Pullup Jump Shot,1,False,Q1-Q3
401859963,3,116.0,SA,Keldon Johnson,False,False,,short2,0,0,Driving Floating Jump Shot,1,False,Q1-Q3
401859963,3,112.0,SA,Devin Vassell,False,True,1.0,rim,0,0,Cutting Dunk Shot,1,False,Q1-Q3
401859963,3,84.0,SA,Victor Wembanyama,True,False,24.0,three,0,0,Jump Shot,1,False,Q1-Q3
401859963,3,75.0,NY,Jalen Brunson,False,False,14.0,midrange,0,0,Turnaround Fade Away Jump Shot,1,False,Q1-Q3
401859963,3,28.3,SA,Victor Wembanyama,False,True,1.0,rim,1,1,Driving Dunk Shot,1,False,Q1-Q3
401859963,3,9.6,NY,Miles McBride,True,True,24.0,three,-3,3,Jump Shot Bank,1,False,Q1-Q3
401859963,3,0.3,SA,Victor Wembanyama,True,False,26.0,three,0,0,Pullup Jump Shot,1,False,Q1-Q3
401859963,4,698.0,NY,Karl-Anthony Towns,False,False,,short2,0,0,Driving Floating Jump Shot,1,False,Q4 non-clutch
401859963,4,692.0,NY,Landry Shamet,False,True,1.0,rim,0,0,Reverse Layup Shot,1,False,Q4 non-clutch
401859963,4,671.0,SA,De'Aaron Fox,False,False,,short2,-2,2,Driving Floating Jump Shot,1,False,Q4 non-clutch
401859963,4,645.0,NY,Jose Alvarado,True,False,26.0,three,1,1,Jump Shot,1,False,Q4 non-clutch
401859963,4,632.0,NY,OG Anunoby,False,True,2.0,rim,1,1,Driving Finger Roll Layup,1,False,Q4 non-clutch
401859963,4,616.0,SA,Victor Wembanyama,False,False,9.0,short2,-3,3,Turnaround Fade Away Jump Shot,1,False,Q4 non-clutch
401859963,4,596.0,NY,OG Anunoby,False,False,,short2,3,3,Driving Floating Bank Jump Shot,1,False,Q4 non-clutch
401859963,4,585.0,SA,Devin Vassell,False,False,1.0,rim,-3,3,Driving Layup Shot,1,False,Q4 non-clutch
401859963,4,584.0,SA,Victor Wembanyama,False,True,1.0,rim,-3,3,Layup Shot Putback,1,False,Q4 non-clutch
401859963,4,563.0,NY,OG Anunoby,True,True,23.0,three,1,1,Jump Shot,1,False,Q4 non-clutch
401859963,4,547.0,SA,Stephon Castle,False,True,5.0,short2,-4,4,Turnaround Jump Shot,1,False,Q4 non-clutch
401859963,4,530.0,NY,OG Anunoby,True,True,23.0,three,2,2,Jump Shot,1,False,Q4 non-clutch
401859963,4,512.0,SA,Stephon Castle,True,True,25.0,three,-5,5,Jump Shot,1,False,Q4 non-clutch
401859963,4,487.0,NY,Jose Alvarado,False,False,,short2,2,2,Driving Floating Jump Shot,1,False,Q4 non-clutch
401859963,4,480.0,SA,Devin Vassell,True,False,23.0,three,-2,2,Running Jump Shot,1,False,Q4 non-clutch
401859963,4,476.0,SA,Stephon Castle,True,False,25.0,three,-2,2,Jump Shot,1,False,Q4 non-clutch
401859963,4,466.0,NY,Miles McBride,False,False,1.0,rim,2,2,Running Layup Shot,1,False,Q4 non-clutch
401859963,4,461.0,SA,Harrison Barnes,True,False,26.0,three,-2,2,Running Jump Shot,1,False,Q4 non-clutch
401859963,4,458.0,SA,Devin Vassell,False,True,1.0,rim,-2,2,Tip Shot,1,False,Q4 non-clutch
401859963,4,442.0,NY,Jalen Brunson,False,True,3.0,rim,0,0,Driving Finger Roll Layup,1,False,Q4 non-clutch
401859963,4,418.0,SA,Stephon Castle,False,False,3.0,rim,-2,2,Pullup Jump Shot,1,False,Q4 non-clutch
401859963,4,394.0,NY,Jalen Brunson,False,True,1.0,rim,4,4,Running Layup Shot,1,False,Q4 non-clutch
401859963,4,379.0,SA,Julian Champagnie,True,False,26.0,three,-6,6,Jump Shot,1,False,Q4 non-clutch
401859963,4,367.0,NY,Jalen Brunson,False,True,4.0,rim,6,6,Driving Finger Roll Layup,1,False,Q4 non-clutch
401859963,4,327.0,NY,Jalen Brunson,False,False,12.0,short2,8,8,Pullup Jump Shot,1,False,Q4 non-clutch
401859963,4,298.0,NY,Mikal Bridges,False,False,12.0,short2,8,8,Fade Away Jump Shot,1,False,Q4 non-clutch
401859963,4,290.0,SA,Victor Wembanyama,True,True,26.0,three,-8,8,Pullup Jump Shot,1,False,Q4 non-clutch
401859963,4,267.0,NY,Jalen Brunson,False,False,18.0,midrange,5,5,Pullup Jump Shot,1,True,Clutch
401859963,4,256.0,SA,Victor Wembanyama,False,False,,short2,-5,5,Driving Floating Bank Jump Shot,1,True,Clutch
401859963,4,247.0,SA,Victor Wembanyama,True,False,23.0,three,-5,5,Jump Shot,1,True,Clutch
401859963,4,219.0,NY,OG Anunoby,False,False,14.0,midrange,4,4,Pullup Jump Shot,1,True,Clutch
401859963,4,204.0,SA,Victor Wembanyama,False,True,1.0,rim,-4,4,Driving Layup Shot,1,True,Clutch
401859963,4,183.0,NY,Jalen Brunson,False,False,14.0,midrange,1,1,Step Back Jump Shot,1,True,Clutch
401859963,4,171.0,SA,Victor Wembanyama,False,False,,short2,-1,1,Driving Floating Jump Shot,1,True,Clutch
401859963,4,166.0,NY,Landry Shamet,True,False,25.0,three,1,1,Running Jump Shot,1,True,Clutch
401859963,4,155.0,NY,Jalen Brunson,False,False,,short2,1,1,Driving Floating Bank Jump Shot,1,True,Clutch
401859963,4,138.0,SA,Devin Vassell,True,False,25.0,three,-1,1,Jump Shot,1,True,Clutch
401859963,4,117.0,NY,OG Anunoby,True,False,26.0,three,-1,1,Jump Shot,1,True,Clutch
401859963,4,110.0,NY,Jalen Brunson,True,True,23.0,three,-1,1,Jump Shot,1,True,Clutch
401859963,4,91.0,SA,De'Aaron Fox,False,False,9.0,short2,-2,2,Pullup Jump Shot,1,True,Clutch
401859963,4,37.8,NY,Jalen Brunson,False,True,14.0,midrange,4,4,Pullup Jump Shot,1,True,Clutch
401859963,4,32.1,SA,Victor Wembanyama,True,False,27.0,three,-6,6,Jump Shot,1,False,Q4 non-clutch
401859963,4,13.0,SA,Julian Champagnie,True,False,25.0,three,-10,10,Jump Shot,1,False,Q4 non-clutch
401859964,1,696.0,SA,Devin Vassell,True,True,24.0,three,0,0,Jump Shot,2,False,Q1-Q3
401859964,1,668.0,NY,Jalen Brunson,False,True,20.0,midrange,-3,3,Step Back Jump Shot,2,False,Q1-Q3
401859964,1,636.0,NY,Mikal Bridges,False,False,,short2,-3,3,Driving Floating Jump Shot,2,False,Q1-Q3
401859964,1,628.0,SA,De'Aaron Fox,False,False,,short2,3,3,Running Pullup Jump Shot,2,False,Q1-Q3
401859964,1,599.0,SA,Julian Champagnie,True,True,25.0,three,0,0,Jump Shot,2,False,Q1-Q3
401859964,1,585.0,NY,Jalen Brunson,False,False,6.0,short2,-3,3,Pullup Jump Shot,2,False,Q1-Q3
401859964,1,574.0,SA,Stephon Castle,False,True,4.0,rim,3,3,Driving Floating Bank Jump Shot,2,False,Q1-Q3
401859964,1,560.0,NY,OG Anunoby,False,True,1.0,rim,-5,5,Layup Driving Reverse,2,False,Q1-Q3
401859964,1,540.0,SA,Julian Champagnie,True,True,23.0,three,3,3,Fade Away Bank Jump Shot,2,False,Q1-Q3
401859964,1,521.0,NY,OG Anunoby,True,True,22.0,three,-6,6,Pullup Jump Shot,2,False,Q1-Q3
401859964,1,505.0,SA,Stephon Castle,True,False,25.0,three,3,3,Jump Shot,2,False,Q1-Q3
401859964,1,493.0,NY,Jalen Brunson,False,False,1.0,rim,-3,3,Driving Finger Roll Layup,2,False,Q1-Q3
401859964,1,486.0,SA,Stephon Castle,False,False,1.0,rim,3,3,Running Layup Shot,2,False,Q1-Q3
401859964,1,482.0,NY,Jalen Brunson,False,False,4.0,rim,-3,3,Running Layup Shot,2,False,Q1-Q3
401859964,1,462.0,SA,Victor Wembanyama,False,True,1.0,rim,3,3,Cutting Dunk Shot,2,False,Q1-Q3
401859964,1,449.0,NY,Josh Hart,True,False,22.0,three,-5,5,Jump Shot,2,False,Q1-Q3
401859964,1,440.0,SA,Stephon Castle,False,False,1.0,rim,5,5,Layup Running Reverse,2,False,Q1-Q3
401859964,1,436.0,NY,Jalen Brunson,True,True,26.0,three,-5,5,Running Pullup Jump Shot,2,False,Q1-Q3
401859964,1,416.0,SA,Dylan Harper,False,True,1.0,rim,2,2,Driving Finger Roll Layup,2,False,Q1-Q3
401859964,1,392.0,NY,Karl-Anthony Towns,True,False,26.0,three,-4,4,Jump Shot,2,False,Q1-Q3
401859964,1,380.0,SA,Victor Wembanyama,True,False,24.0,three,4,4,Jump Shot,2,False,Q1-Q3
401859964,1,354.0,NY,Josh Hart,False,False,,short2,-4,4,Driving Floating Jump Shot,2,False,Q1-Q3
401859964,1,338.0,NY,Landry Shamet,False,False,1.0,rim,-5,5,Running Layup Shot,2,False,Q1-Q3
401859964,1,327.0,SA,Dylan Harper,False,True,1.0,rim,5,5,Driving Dunk Shot,2,False,Q1-Q3
401859964,1,311.0,NY,Karl-Anthony Towns,True,True,27.0,three,-7,7,Jump Shot,2,False,Q1-Q3
401859964,1,300.0,SA,Dylan Harper,True,False,25.0,three,4,4,Jump Shot,2,False,Q1-Q3
401859964,1,289.0,NY,Landry Shamet,True,False,25.0,three,-4,4,Step Back Jump Shot,2,False,Q1-Q3
401859964,1,256.0,NY,Karl-Anthony Towns,False,True,1.0,rim,-4,4,Driving Layup Shot,2,False,Q1-Q3
401859964,1,245.0,SA,Devin Vassell,True,False,25.0,three,2,2,Jump Shot,2,False,Q1-Q3
401859964,1,229.0,NY,Jalen Brunson,False,False,15.0,midrange,-2,2,Pullup Jump Shot,2,False,Q1-Q3
401859964,1,222.0,NY,Miles McBride,False,False,16.0,midrange,-2,2,Turnaround Fade Away Jump Shot,2,False,Q1-Q3
401859964,1,212.0,SA,De'Aaron Fox,False,True,7.0,short2,2,2,Pullup Bank Jump Shot,2,False,Q1-Q3
401859964,1,186.0,SA,Devin Vassell,False,True,1.0,rim,3,3,Driving Finger Roll Layup,2,False,Q1-Q3
401859964,1,158.0,SA,De'Aaron Fox,True,True,25.0,three,5,5,Jump Shot,2,False,Q1-Q3
401859964,1,138.0,SA,De'Aaron Fox,False,True,1.0,rim,6,6,Driving Finger Roll Layup,2,False,Q1-Q3
401859964,1,110.0,NY,Jalen Brunson,False,False,,short2,-8,8,Driving Floating Jump Shot,2,False,Q1-Q3
401859964,1,105.0,SA,De'Aaron Fox,False,True,1.0,rim,8,8,Running Alley Oop Layup Shot,2,False,Q1-Q3
401859964,1,80.0,NY,Mitchell Robinson,False,True,2.0,rim,-10,10,Cutting Layup Shot,2,False,Q1-Q3
401859964,1,31.2,NY,Landry Shamet,False,True,1.0,rim,-9,9,Running Layup Shot,2,False,Q1-Q3
401859964,1,12.3,SA,Victor Wembanyama,False,True,1.0,rim,7,7,Driving Layup Shot,2,False,Q1-Q3
401859964,1,3.9,NY,Jalen Brunson,True,False,25.0,three,-9,9,Step Back Jump Shot,2,False,Q1-Q3
401859964,1,0.1,SA,Victor Wembanyama,True,False,,three,9,9,Heave Jump Shot,2,False,Q1-Q3
401859964,2,706.0,NY,Landry Shamet,True,False,25.0,three,-9,9,Jump Shot,2,False,Q1-Q3
401859964,2,692.0,SA,Stephon Castle,True,True,23.0,three,9,9,Jump Shot,2,False,Q1-Q3
401859964,2,675.0,NY,Karl-Anthony Towns,True,True,26.0,three,-12,12,Step Back Jump Shot,2,False,Q1-Q3
401859964,2,652.0,SA,Julian Champagnie,True,False,24.0,three,9,9,Jump Shot,2,False,Q1-Q3
401859964,2,641.0,SA,Stephon Castle,False,False,5.0,rim,9,9,Driving Layup Shot,2,False,Q1-Q3
401859964,2,637.0,NY,Jose Alvarado,True,False,,three,-9,9,Running Pullup Jump Shot,2,False,Q1-Q3
401859964,2,628.0,SA,Victor Wembanyama,True,False,,three,9,9,Running Pullup Jump Shot,2,False,Q1-Q3
401859964,2,590.0,NY,Jose Alvarado,False,False,4.0,rim,-7,7,Driving Finger Roll Layup,2,False,Q1-Q3
401859964,2,585.0,NY,Karl-Anthony Towns,False,True,1.0,rim,-7,7,Driving Dunk Shot,2,False,Q1-Q3
401859964,2,573.0,SA,Dylan Harper,False,False,1.0,rim,5,5,Driving Layup Shot,2,False,Q1-Q3
401859964,2,565.0,NY,Miles McBride,True,False,22.0,three,-5,5,Jump Shot,2,False,Q1-Q3
401859964,2,544.0,NY,Karl-Anthony Towns,False,True,1.0,rim,-7,7,Layup Shot,2,False,Q1-Q3
401859964,2,526.0,SA,Stephon Castle,False,False,11.0,short2,5,5,Pullup Jump Shot,2,False,Q1-Q3
401859964,2,511.0,NY,Miles McBride,True,False,26.0,three,-5,5,Pullup Jump Shot,2,False,Q1-Q3
401859964,2,493.0,NY,Karl-Anthony Towns,True,False,27.0,three,-5,5,Jump Shot,2,False,Q1-Q3
401859964,2,481.0,SA,De'Aaron Fox,False,True,,short2,5,5,Driving Floating Jump Shot,2,False,Q1-Q3
401859964,2,442.0,SA,De'Aaron Fox,False,False,9.0,short2,6,6,Step Back Jump Shot,2,False,Q1-Q3
401859964,2,423.0,NY,Mikal Bridges,True,True,22.0,three,-6,6,Jump Shot,2,False,Q1-Q3
401859964,2,409.0,SA,Dylan Harper,False,True,1.0,rim,3,3,Layup Driving Reverse,2,False,Q1-Q3
401859964,2,373.0,SA,De'Aaron Fox,False,False,1.0,rim,5,5,Driving Layup Shot,2,False,Q1-Q3
401859964,2,363.0,NY,OG Anunoby,True,False,25.0,three,-5,5,Jump Shot,2,False,Q1-Q3
401859964,2,356.0,SA,Devin Vassell,True,False,23.0,three,5,5,Running Jump Shot,2,False,Q1-Q3
401859964,2,342.0,SA,Dylan Harper,False,False,1.0,rim,5,5,Running Finger Roll Layup,2,False,Q1-Q3
401859964,2,337.0,NY,Mikal Bridges,True,True,25.0,three,-5,5,Running Pullup Jump Shot,2,False,Q1-Q3
401859964,2,321.0,SA,Dylan Harper,True,False,22.0,three,2,2,Jump Shot,2,False,Q1-Q3
401859964,2,296.0,SA,Julian Champagnie,True,False,24.0,three,4,4,Jump Shot,2,False,Q1-Q3
401859964,2,242.0,NY,Mikal Bridges,True,True,22.0,three,-4,4,Jump Shot,2,False,Q1-Q3
401859964,2,229.0,SA,Keldon Johnson,True,False,25.0,three,1,1,Jump Shot,2,False,Q1-Q3
401859964,2,219.0,NY,Landry Shamet,False,True,1.0,rim,-1,1,Running Finger Roll Layup,2,False,Q1-Q3
401859964,2,200.0,SA,Dylan Harper,False,False,,short2,-1,1,Driving Floating Jump Shot,2,False,Q1-Q3
401859964,2,195.0,SA,Devin Vassell,True,True,25.0,three,-1,1,Jump Shot,2,False,Q1-Q3
401859964,2,183.0,NY,Jalen Brunson,False,True,2.0,rim,-3,3,Driving Finger Roll Layup,2,False,Q1-Q3
401859964,2,165.0,SA,Devin Vassell,False,False,1.0,rim,1,1,Driving Layup Shot,2,False,Q1-Q3
401859964,2,160.0,NY,Jalen Brunson,True,False,25.0,three,-1,1,Running Jump Shot,2,False,Q1-Q3
401859964,2,134.0,SA,Devin Vassell,True,False,24.0,three,1,1,Jump Shot,2,False,Q1-Q3
401859964,2,127.0,NY,OG Anunoby,False,False,2.0,rim,-1,1,Layup Driving Reverse,2,False,Q1-Q3
401859964,2,107.0,SA,Julian Champagnie,True,False,24.0,three,1,1,Jump Shot,2,False,Q1-Q3
401859964,2,82.0,NY,OG Anunoby,True,False,23.0,three,-1,1,Jump Shot,2,False,Q1-Q3
401859964,2,60.0,NY,Jalen Brunson,False,False,14.0,midrange,-1,1,Turnaround Fade Away Jump Shot,2,False,Q1-Q3
401859964,2,38.3,NY,Mikal Bridges,False,True,6.0,short2,-1,1,Floating Jump Shot,2,False,Q1-Q3
401859964,2,10.4,NY,Karl-Anthony Towns,True,True,22.0,three,1,1,Jump Shot,2,False,Q1-Q3
401859964,2,0.0,SA,De'Aaron Fox,False,False,9.0,short2,-4,4,Pullup Jump Shot,2,False,Q1-Q3
401859964,3,699.0,NY,Jalen Brunson,True,False,23.0,three,4,4,Jump Shot,2,False,Q1-Q3
401859964,3,697.0,NY,Karl-Anthony Towns,False,True,1.0,rim,4,4,Layup Shot Putback,2,False,Q1-Q3
401859964,3,664.0,NY,Karl-Anthony Towns,False,False,,short2,6,6,Driving Floating Jump Shot,2,False,Q1-Q3
401859964,3,646.0,SA,Victor Wembanyama,False,True,17.0,midrange,-6,6,Pullup Jump Shot,2,False,Q1-Q3
401859964,3,628.0,NY,OG Anunoby,True,True,23.0,three,4,4,Jump Shot,2,False,Q1-Q3
401859964,3,619.0,SA,Julian Champagnie,False,False,6.0,rim,-7,7,Driving Layup Shot,2,False,Q1-Q3
401859964,3,600.0,SA,Stephon Castle,False,False,3.0,rim,-7,7,Running Layup Shot,2,False,Q1-Q3
401859964,3,583.0,NY,Josh Hart,True,False,25.0,three,7,7,Jump Shot,2,False,Q1-Q3
401859964,3,570.0,SA,Victor Wembanyama,True,False,27.0,three,-7,7,Jump Shot,2,False,Q1-Q3
401859964,3,561.0,NY,Jalen Brunson,True,True,26.0,three,7,7,Running Pullup Jump Shot,2,False,Q1-Q3
401859964,3,536.0,SA,De'Aaron Fox,False,True,7.0,short2,-10,10,Running Pullup Jump Shot,2,False,Q1-Q3
401859964,3,513.0,NY,Mikal Bridges,True,True,24.0,three,7,7,Step Back Jump Shot,2,False,Q1-Q3
401859964,3,450.0,SA,Victor Wembanyama,False,True,2.0,rim,-10,10,Dunk Shot,2,False,Q1-Q3
401859964,3,427.0,NY,Landry Shamet,True,True,22.0,three,8,8,Jump Shot,2,False,Q1-Q3
401859964,3,410.0,SA,Devin Vassell,True,False,22.0,three,-11,11,Jump Shot,2,False,Q1-Q3
401859964,3,409.0,SA,Victor Wembanyama,False,False,1.0,rim,-11,11,Tip Shot,2,False,Q1-Q3
401859964,3,408.0,SA,Victor Wembanyama,False,True,1.0,rim,-11,11,Tip Shot,2,False,Q1-Q3
401859964,3,389.0,NY,Karl-Anthony Towns,False,True,1.0,rim,9,9,Driving Layup Shot,2,False,Q1-Q3
401859964,3,348.0,SA,Dylan Harper,True,False,24.0,three,-10,10,Jump Shot,2,False,Q1-Q3
401859964,3,345.0,SA,Keldon Johnson,False,True,1.0,rim,-10,10,Layup Shot Putback,2,False,Q1-Q3
401859964,3,320.0,NY,Jalen Brunson,False,False,3.0,rim,8,8,Driving Jump Shot Bank,2,False,Q1-Q3
401859964,3,310.0,SA,Stephon Castle,True,True,25.0,three,-8,8,Jump Shot,2,False,Q1-Q3
401859964,3,293.0,NY,Jalen Brunson,False,False,9.0,short2,5,5,Pullup Jump Shot,2,False,Q1-Q3
401859964,3,291.0,NY,Jalen Brunson,False,False,1.0,rim,5,5,Tip Shot,2,False,Q1-Q3
401859964,3,281.0,SA,Victor Wembanyama,False,False,1.0,rim,-5,5,Running Alley Oop Dunk Shot,2,False,Q1-Q3
401859964,3,273.0,NY,Mikal Bridges,False,True,11.0,short2,5,5,Running Jump Shot,2,False,Q1-Q3
401859964,3,235.0,NY,Landry Shamet,False,False,17.0,midrange,7,7,Pullup Jump Shot,2,False,Q1-Q3
401859964,3,225.0,SA,Victor Wembanyama,True,True,26.0,three,-7,7,Pullup Jump Shot,2,False,Q1-Q3
401859964,3,210.0,NY,OG Anunoby,False,True,1.0,rim,4,4,Driving Layup Shot,2,False,Q1-Q3
401859964,3,199.0,SA,Stephon Castle,False,True,2.0,rim,-6,6,Driving Finger Roll Layup,2,False,Q1-Q3
401859964,3,169.0,SA,Stephon Castle,True,False,26.0,three,-4,4,Pullup Jump Shot,2,False,Q1-Q3
401859964,3,146.0,NY,Miles McBride,False,True,12.0,short2,4,4,Step Back Jump Shot,2,False,Q1-Q3
401859964,3,123.0,SA,Stephon Castle,False,False,,short2,-6,6,Driving Floating Jump Shot,2,False,Q1-Q3
401859964,3,110.0,NY,Mikal Bridges,False,True,13.0,short2,6,6,Pullup Jump Shot,2,False,Q1-Q3
401859964,3,75.0,NY,Mikal Bridges,False,True,9.0,short2,7,7,Pullup Jump Shot,2,False,Q1-Q3
401859964,3,56.3,SA,Keldon Johnson,True,False,25.0,three,-9,9,Jump Shot,2,False,Q1-Q3
401859964,3,40.2,NY,Landry Shamet,False,False,21.0,midrange,9,9,Jump Shot,2,False,Q1-Q3
401859964,3,35.0,NY,Mitchell Robinson,False,True,1.0,rim,9,9,Alley Oop Dunk Shot,2,False,Q1-Q3
401859964,3,19.6,SA,Victor Wembanyama,False,True,14.0,midrange,-11,11,Pullup Jump Shot,2,False,Q1-Q3
401859964,3,4.9,NY,Jose Alvarado,True,False,25.0,three,9,9,Jump Shot,2,False,Q1-Q3
401859964,3,1.2,NY,Jose Alvarado,False,False,,short2,9,9,Driving Floating Jump Shot,2,False,Q1-Q3
401859964,4,694.0,SA,Keldon Johnson,False,False,2.0,rim,-9,9,Driving Layup Shot,2,False,Q4 non-clutch
401859964,4,672.0,NY,Miles McBride,False,False,12.0,short2,9,9,Pullup Jump Shot,2,False,Q4 non-clutch
401859964,4,667.0,NY,Mikal Bridges,True,False,26.0,three,9,9,Jump Shot,2,False,Q4 non-clutch
401859964,4,661.0,NY,Landry Shamet,True,True,26.0,three,9,9,Jump Shot,2,False,Q4 non-clutch
401859964,4,644.0,SA,Victor Wembanyama,True,True,27.0,three,-12,12,Jump Shot,2,False,Q4 non-clutch
401859964,4,625.0,NY,Mikal Bridges,False,False,1.0,rim,9,9,Driving Layup Shot,2,False,Q4 non-clutch
401859964,4,611.0,SA,Stephon Castle,False,True,2.0,rim,-9,9,Cutting Dunk Shot,2,False,Q4 non-clutch
401859964,4,590.0,NY,Josh Hart,False,False,1.0,rim,7,7,Cutting Layup Shot,2,False,Q4 non-clutch
401859964,4,563.0,NY,Landry Shamet,True,False,24.0,three,7,7,Jump Shot,2,False,Q4 non-clutch
401859964,4,557.0,NY,Jalen Brunson,True,False,25.0,three,7,7,Jump Shot,2,False,Q4 non-clutch
401859964,4,551.0,SA,Dylan Harper,False,True,1.0,rim,-7,7,Running Finger Roll Layup,2,False,Q4 non-clutch
401859964,4,531.0,NY,Mikal Bridges,False,False,11.0,short2,5,5,Step Back Jump Shot,2,False,Q4 non-clutch
401859964,4,520.0,SA,Victor Wembanyama,False,False,1.0,rim,-5,5,Alley Oop Layup Shot,2,False,Q4 non-clutch
401859964,4,499.0,NY,Landry Shamet,True,True,23.0,three,5,5,Jump Shot,2,False,Q4 non-clutch
401859964,4,467.0,NY,Landry Shamet,True,False,23.0,three,7,7,Jump Shot,2,False,Q4 non-clutch
401859964,4,446.0,NY,Jalen Brunson,False,True,1.0,rim,7,7,Running Finger Roll Layup,2,False,Q4 non-clutch
401859964,4,418.0,SA,Stephon Castle,False,False,17.0,midrange,-9,9,Pullup Jump Shot,2,False,Q4 non-clutch
401859964,4,412.0,NY,OG Anunoby,True,False,23.0,three,9,9,Jump Shot,2,False,Q4 non-clutch
401859964,4,405.0,NY,Miles McBride,True,True,24.0,three,9,9,Jump Shot,2,False,Q4 non-clutch
401859964,4,385.0,SA,Victor Wembanyama,False,False,1.0,rim,-12,12,Driving Layup Shot,2,False,Q4 non-clutch
401859964,4,364.0,NY,OG Anunoby,False,True,1.0,rim,12,12,Driving Dunk Shot,2,False,Q4 non-clutch
401859964,4,337.0,NY,Karl-Anthony Towns,False,False,1.0,rim,12,12,Layup Shot,2,False,Q4 non-clutch
401859964,4,327.0,SA,De'Aaron Fox,True,True,25.0,three,-12,12,Step Back Jump Shot,2,False,Q4 non-clutch
401859964,4,300.0,NY,Miles McBride,False,False,17.0,midrange,9,9,Turnaround Jump Shot,2,False,Q4 non-clutch
401859964,4,288.0,SA,De'Aaron Fox,False,True,1.0,rim,-9,9,Driving Layup Shot,2,False,Q4 non-clutch
401859964,4,275.0,NY,Mikal Bridges,True,False,24.0,three,7,7,Pullup Jump Shot,2,False,Q4 non-clutch
401859964,4,257.0,SA,Victor Wembanyama,False,True,1.0,rim,-7,7,Finger Roll Layup,2,False,Q4 non-clutch
401859964,4,241.0,NY,Jalen Brunson,False,False,2.0,rim,5,5,Cutting Finger Roll Layup Shot,2,True,Clutch
401859964,4,235.0,SA,Devin Vassell,True,True,25.0,three,-5,5,Jump Shot,2,True,Clutch
401859964,4,206.0,NY,Jalen Brunson,True,False,24.0,three,2,2,Pullup Jump Shot,2,True,Clutch
401859964,4,193.0,NY,Jalen Brunson,True,False,24.0,three,2,2,Jump Shot,2,True,Clutch
401859964,4,179.0,SA,Dylan Harper,False,True,5.0,short2,-2,2,Driving Floating Jump Shot,2,True,Clutch
401859964,4,147.0,SA,Victor Wembanyama,False,True,1.0,rim,-3,3,Alley Oop Dunk Shot,2,True,Clutch
401859964,4,118.0,NY,OG Anunoby,False,False,1.0,rim,1,1,Driving Finger Roll Layup,2,True,Clutch
401859964,4,116.0,NY,Jalen Brunson,False,True,1.0,rim,1,1,Cutting Layup Shot,2,True,Clutch
401859964,4,97.0,SA,Victor Wembanyama,True,False,23.0,three,-3,3,Step Back Jump Shot,2,True,Clutch
401859964,4,89.0,NY,Jalen Brunson,False,False,1.0,rim,3,3,Running Finger Roll Layup,2,True,Clutch
401859964,4,85.0,SA,Dylan Harper,False,True,1.0,rim,-3,3,Running Layup Shot,2,True,Clutch
401859964,4,57.3,SA,Victor Wembanyama,False,True,1.0,rim,-1,1,Cutting Finger Roll Layup Shot,2,True,Clutch
401859964,4,39.3,NY,Jalen Brunson,False,True,13.0,short2,-2,2,Fade Away Jump Shot,2,True,Clutch
401859964,4,30.3,SA,Victor Wembanyama,False,False,16.0,midrange,0,0,Pullup Jump Shot,2,True,Clutch
401859964,4,13.5,NY,Jalen Brunson,False,False,16.0,midrange,0,0,Pullup Jump Shot,2,True,Clutch
401859964,4,2.0,SA,Victor Wembanyama,False,False,20.0,midrange,-1,1,Jump Shot,2,True,Clutch
401859965,1,698.0,SA,De'Aaron Fox,True,False,22.0,three,0,0,Jump Shot,3,False,Q1-Q3
401859965,1,690.0,NY,Jalen Brunson,False,False,8.0,short2,0,0,Pullup Jump Shot,3,False,Q1-Q3
401859965,1,667.0,SA,De'Aaron Fox,False,False,6.0,short2,0,0,Turnaround Fade Away Jump Shot,3,False,Q1-Q3
401859965,1,642.0,SA,Victor Wembanyama,False,True,1.0,rim,0,0,Alley Oop Dunk Shot,3,False,Q1-Q3
401859965,1,614.0,SA,Victor Wembanyama,False,True,1.0,rim,2,2,Dunk Shot,3,False,Q1-Q3
401859965,1,601.0,NY,Mikal Bridges,True,False,,three,-4,4,Step Back Jump Shot,3,False,Q1-Q3
401859965,1,588.0,SA,Devin Vassell,True,True,23.0,three,4,4,Jump Shot,3,False,Q1-Q3
401859965,1,572.0,NY,Josh Hart,True,True,25.0,three,-7,7,Jump Shot,3,False,Q1-Q3
401859965,1,554.0,SA,Stephon Castle,False,True,1.0,rim,4,4,Driving Layup Shot,3,False,Q1-Q3
401859965,1,540.0,NY,Jalen Brunson,False,True,7.0,short2,-6,6,Turnaround Fadeaway Bank Jump Shot,3,False,Q1-Q3
401859965,1,513.0,SA,Victor Wembanyama,False,True,1.0,rim,4,4,Layup Shot,3,False,Q1-Q3
401859965,1,493.0,NY,Landry Shamet,True,False,25.0,three,-6,6,Jump Shot,3,False,Q1-Q3
401859965,1,481.0,SA,Stephon Castle,True,True,26.0,three,6,6,Jump Shot,3,False,Q1-Q3
401859965,1,454.0,SA,Stephon Castle,False,True,14.0,midrange,8,8,Pullup Jump Shot,3,False,Q1-Q3
401859965,1,430.0,NY,Josh Hart,True,True,25.0,three,-10,10,Jump Shot,3,False,Q1-Q3
401859965,1,422.0,SA,Victor Wembanyama,False,True,4.0,rim,7,7,Driving Floating Bank Jump Shot,3,False,Q1-Q3
401859965,1,403.0,NY,OG Anunoby,False,True,9.0,short2,-10,10,Turnaround Fade Away Jump Shot,3,False,Q1-Q3
401859965,1,363.0,NY,OG Anunoby,True,False,23.0,three,-8,8,Jump Shot,3,False,Q1-Q3
401859965,1,348.0,SA,Dylan Harper,False,True,1.0,rim,8,8,Driving Layup Shot,3,False,Q1-Q3
401859965,1,332.0,NY,Jalen Brunson,True,False,26.0,three,-10,10,Pullup Jump Shot,3,False,Q1-Q3
401859965,1,321.0,SA,Victor Wembanyama,False,False,4.0,rim,10,10,Driving Layup Shot,3,False,Q1-Q3
401859965,1,314.0,NY,OG Anunoby,False,True,1.0,rim,-10,10,Running Dunk Shot,3,False,Q1-Q3
401859965,1,296.0,SA,Devin Vassell,True,True,26.0,three,8,8,Jump Shot,3,False,Q1-Q3
401859965,1,261.0,NY,Josh Hart,True,False,25.0,three,-11,11,Step Back Jump Shot,3,False,Q1-Q3
401859965,1,250.0,SA,Keldon Johnson,False,False,2.0,rim,11,11,Driving Layup Shot,3,False,Q1-Q3
401859965,1,242.0,SA,De'Aaron Fox,False,False,10.0,short2,11,11,Step Back Jump Shot,3,False,Q1-Q3
401859965,1,225.0,NY,Karl-Anthony Towns,False,True,2.0,rim,-11,11,Driving Floating Jump Shot,3,False,Q1-Q3
401859965,1,210.0,SA,Dylan Harper,False,False,13.0,short2,9,9,Turnaround Fade Away Jump Shot,3,False,Q1-Q3
401859965,1,204.0,NY,Josh Hart,False,True,1.0,rim,-9,9,Running Layup Shot,3,False,Q1-Q3
401859965,1,189.0,SA,Dylan Harper,True,False,23.0,three,7,7,Jump Shot,3,False,Q1-Q3
401859965,1,180.0,NY,Landry Shamet,True,False,26.0,three,-7,7,Pullup Jump Shot,3,False,Q1-Q3
401859965,1,169.0,SA,Keldon Johnson,False,True,4.0,rim,7,7,Driving Floating Jump Shot,3,False,Q1-Q3
401859965,1,152.0,NY,Jalen Brunson,False,False,8.0,short2,-9,9,Fade Away Jump Shot,3,False,Q1-Q3
401859965,1,141.0,SA,De'Aaron Fox,False,True,15.0,midrange,9,9,Pullup Jump Shot,3,False,Q1-Q3
401859965,1,126.0,NY,Jalen Brunson,False,True,1.0,rim,-11,11,Driving Layup Shot,3,False,Q1-Q3
401859965,1,108.0,SA,Dylan Harper,False,True,1.0,rim,9,9,Cutting Dunk Shot,3,False,Q1-Q3
401859965,1,96.0,SA,Keldon Johnson,False,False,1.0,rim,11,11,Running Finger Roll Layup,3,False,Q1-Q3
401859965,1,72.0,SA,Julian Champagnie,True,True,26.0,three,9,9,Jump Shot,3,False,Q1-Q3
401859965,1,49.1,NY,Jalen Brunson,False,False,8.0,short2,-12,12,Hook Shot,3,False,Q1-Q3
401859965,1,46.4,NY,Mitchell Robinson,False,False,3.0,rim,-12,12,Layup Shot Putback,3,False,Q1-Q3
401859965,1,32.7,SA,Victor Wembanyama,True,False,25.0,three,11,11,Jump Shot,3,False,Q1-Q3
401859965,1,10.0,NY,Jalen Brunson,False,False,9.0,short2,-11,11,Step Back Jump Shot,3,False,Q1-Q3
401859965,2,699.0,NY,Jose Alvarado,False,True,5.0,short2,-11,11,Driving Floating Jump Shot,3,False,Q1-Q3
401859965,2,685.0,SA,Carter Bryant,True,True,22.0,three,9,9,Jump Shot,3,False,Q1-Q3
401859965,2,661.0,NY,Landry Shamet,True,False,26.0,three,-12,12,Step Back Jump Shot,3,False,Q1-Q3
401859965,2,639.0,SA,Julian Champagnie,True,False,26.0,three,12,12,Jump Shot,3,False,Q1-Q3
401859965,2,622.0,NY,Miles McBride,True,False,22.0,three,-12,12,Step Back Jump Shot,3,False,Q1-Q3
401859965,2,581.0,NY,Jose Alvarado,False,True,11.0,short2,-11,11,Pullup Jump Shot,3,False,Q1-Q3
401859965,2,574.0,SA,Stephon Castle,False,True,1.0,rim,8,8,Driving Finger Roll Layup,3,False,Q1-Q3
401859965,2,552.0,NY,Jordan Clarkson,True,True,23.0,three,-10,10,Jump Shot,3,False,Q1-Q3
401859965,2,535.0,SA,Stephon Castle,True,False,29.0,three,7,7,Jump Shot,3,False,Q1-Q3
401859965,2,516.0,NY,Karl-Anthony Towns,False,True,9.0,short2,-7,7,Driving Floating Jump Shot,3,False,Q1-Q3
401859965,2,493.0,NY,OG Anunoby,True,True,25.0,three,-5,5,Running Jump Shot,3,False,Q1-Q3
401859965,2,463.0,SA,Victor Wembanyama,False,False,11.0,short2,2,2,Fade Away Jump Shot,3,False,Q1-Q3
401859965,2,442.0,NY,Karl-Anthony Towns,False,False,12.0,short2,-2,2,Fade Away Jump Shot,3,False,Q1-Q3
401859965,2,430.0,SA,Stephon Castle,False,True,1.0,rim,2,2,Driving Layup Shot,3,False,Q1-Q3
401859965,2,409.0,NY,Jose Alvarado,True,False,26.0,three,-4,4,Pullup Jump Shot,3,False,Q1-Q3
401859965,2,404.0,NY,Karl-Anthony Towns,False,True,1.0,rim,-4,4,Driving Layup Shot,3,False,Q1-Q3
401859965,2,395.0,SA,Dylan Harper,True,False,23.0,three,2,2,Jump Shot,3,False,Q1-Q3
401859965,2,363.0,SA,Dylan Harper,True,False,25.0,three,2,2,Jump Shot,3,False,Q1-Q3
401859965,2,353.0,SA,Stephon Castle,False,True,1.0,rim,2,2,Driving Layup Shot,3,False,Q1-Q3
401859965,2,342.0,NY,Jalen Brunson,False,True,1.0,rim,-5,5,Hook Driving Bank,3,False,Q1-Q3
401859965,2,333.0,SA,Dylan Harper,False,True,1.0,rim,3,3,Driving Layup Shot,3,False,Q1-Q3
401859965,2,323.0,NY,Jordan Clarkson,False,True,1.0,rim,-5,5,Driving Finger Roll Layup,3,False,Q1-Q3
401859965,2,310.0,SA,Stephon Castle,False,True,2.0,rim,3,3,Floating Jump Shot,3,False,Q1-Q3
401859965,2,286.0,NY,OG Anunoby,True,True,23.0,three,-5,5,Step Back Jump Shot,3,False,Q1-Q3
401859965,2,273.0,SA,Dylan Harper,False,False,1.0,rim,2,2,Driving Layup Shot,3,False,Q1-Q3
401859965,2,270.0,SA,Julian Champagnie,True,False,22.0,three,2,2,Jump Shot,3,False,Q1-Q3
401859965,2,258.0,NY,Jalen Brunson,True,True,25.0,three,-2,2,Jump Shot,3,False,Q1-Q3
401859965,2,238.0,SA,Victor Wembanyama,True,True,25.0,three,-1,1,Jump Shot,3,False,Q1-Q3
401859965,2,211.0,NY,Jalen Brunson,False,False,,short2,-2,2,Driving Floating Jump Shot,3,False,Q1-Q3
401859965,2,200.0,SA,Victor Wembanyama,False,True,1.0,rim,2,2,Alley Oop Dunk Shot,3,False,Q1-Q3
401859965,2,180.0,SA,Dylan Harper,True,False,25.0,three,4,4,Running Jump Shot,3,False,Q1-Q3
401859965,2,162.0,NY,Josh Hart,False,True,1.0,rim,-2,2,Running Finger Roll Layup,3,False,Q1-Q3
401859965,2,137.0,SA,De'Aaron Fox,False,True,16.0,midrange,0,0,Step Back Jump Shot,3,False,Q1-Q3
401859965,2,118.0,NY,OG Anunoby,False,True,1.0,rim,-2,2,Driving Dunk Shot,3,False,Q1-Q3
401859965,2,75.0,NY,Josh Hart,True,True,25.0,three,-1,1,Jump Shot,3,False,Q1-Q3
401859965,2,56.1,SA,Stephon Castle,False,False,1.0,rim,-2,2,Driving Finger Roll Layup,3,False,Q1-Q3
401859965,2,41.0,NY,Jalen Brunson,True,True,28.0,three,2,2,Jump Shot,3,False,Q1-Q3
401859965,2,31.4,SA,De'Aaron Fox,False,False,11.0,short2,-5,5,Fade Away Jump Shot,3,False,Q1-Q3
401859965,2,0.3,SA,Victor Wembanyama,False,False,6.0,short2,-7,7,Turnaround Fade Away Jump Shot,3,False,Q1-Q3
401859965,3,693.0,SA,Julian Champagnie,False,True,1.0,rim,-7,7,Driving Finger Roll Layup,3,False,Q1-Q3
401859965,3,654.0,SA,Julian Champagnie,True,True,25.0,three,-5,5,Jump Shot,3,False,Q1-Q3
401859965,3,645.0,SA,Stephon Castle,True,False,25.0,three,-1,1,Jump Shot,3,False,Q1-Q3
401859965,3,621.0,NY,Jalen Brunson,False,False,,short2,1,1,Driving Floating Jump Shot,3,False,Q1-Q3
401859965,3,616.0,NY,Jalen Brunson,False,True,6.0,short2,1,1,Fade Away Jump Shot,3,False,Q1-Q3
401859965,3,601.0,SA,Julian Champagnie,True,False,25.0,three,-3,3,Jump Shot,3,False,Q1-Q3
401859965,3,590.0,NY,OG Anunoby,False,True,1.0,rim,3,3,Driving Dunk Shot,3,False,Q1-Q3
401859965,3,516.0,NY,Josh Hart,True,False,23.0,three,1,1,Jump Shot,3,False,Q1-Q3
401859965,3,509.0,SA,De'Aaron Fox,False,False,2.0,rim,-1,1,Running Layup Shot,3,False,Q1-Q3
401859965,3,501.0,SA,De'Aaron Fox,True,False,24.0,three,-1,1,Jump Shot,3,False,Q1-Q3
401859965,3,490.0,NY,Jalen Brunson,False,True,13.0,short2,1,1,Pullup Jump Shot,3,False,Q1-Q3
401859965,3,478.0,SA,Victor Wembanyama,False,True,17.0,midrange,-4,4,Jump Shot,3,False,Q1-Q3
401859965,3,454.0,NY,Jalen Brunson,False,False,,short2,2,2,Driving Floating Jump Shot,3,False,Q1-Q3
401859965,3,446.0,SA,Devin Vassell,True,True,24.0,three,-2,2,Running Jump Shot,3,False,Q1-Q3
401859965,3,431.0,NY,OG Anunoby,False,True,15.0,midrange,-1,1,Step Back Jump Shot,3,False,Q1-Q3
401859965,3,401.0,NY,Josh Hart,True,True,22.0,three,1,1,Jump Shot,3,False,Q1-Q3
401859965,3,390.0,SA,Stephon Castle,False,False,1.0,rim,-4,4,Layup Driving Reverse,3,False,Q1-Q3
401859965,3,369.0,SA,Victor Wembanyama,False,False,1.0,rim,-4,4,Layup Shot,3,False,Q1-Q3
401859965,3,367.0,SA,Victor Wembanyama,False,True,1.0,rim,-4,4,Tip Shot,3,False,Q1-Q3
401859965,3,350.0,NY,Jalen Brunson,False,False,16.0,midrange,2,2,Pullup Jump Shot,3,False,Q1-Q3
401859965,3,338.0,SA,Keldon Johnson,False,True,1.0,rim,-2,2,Cutting Layup Shot,3,False,Q1-Q3
401859965,3,312.0,NY,Josh Hart,False,False,7.0,short2,0,0,Fade Away Jump Shot,3,False,Q1-Q3
401859965,3,302.0,SA,Victor Wembanyama,True,True,29.0,three,0,0,Jump Shot,3,False,Q1-Q3
401859965,3,292.0,NY,Jalen Brunson,True,False,25.0,three,-3,3,Pullup Jump Shot,3,False,Q1-Q3
401859965,3,287.0,NY,OG Anunoby,True,False,23.0,three,-3,3,Step Back Jump Shot,3,False,Q1-Q3
401859965,3,278.0,NY,Jalen Brunson,False,False,,short2,-3,3,Driving Floating Jump Shot,3,False,Q1-Q3
401859965,3,277.0,NY,Mitchell Robinson,False,True,1.0,rim,-3,3,Tip Shot,3,False,Q1-Q3
401859965,3,241.0,NY,Jordan Clarkson,False,False,,short2,-3,3,Driving Floating Jump Shot,3,False,Q1-Q3
401859965,3,240.0,NY,Jordan Clarkson,False,True,1.0,rim,-3,3,Tip Shot,3,False,Q1-Q3
401859965,3,199.0,SA,Dylan Harper,False,True,1.0,rim,1,1,Driving Layup Shot,3,False,Q1-Q3
401859965,3,183.0,NY,Karl-Anthony Towns,False,False,,short2,-3,3,Driving Floating Jump Shot,3,False,Q1-Q3
401859965,3,167.0,NY,Jose Alvarado,False,False,1.0,rim,-3,3,Running Layup Shot,3,False,Q1-Q3
401859965,3,156.0,SA,Dylan Harper,False,False,5.0,short2,3,3,Fade Away Jump Shot,3,False,Q1-Q3
401859965,3,155.0,SA,Luke Kornet,False,False,1.0,rim,3,3,Tip Shot,3,False,Q1-Q3
401859965,3,134.0,NY,Landry Shamet,True,True,23.0,three,-5,5,Jump Shot,3,False,Q1-Q3
401859965,3,111.0,SA,Julian Champagnie,True,True,25.0,three,2,2,Jump Shot,3,False,Q1-Q3
401859965,3,90.0,NY,Jordan Clarkson,False,False,,short2,-5,5,Driving Floating Jump Shot,3,False,Q1-Q3
401859965,3,88.0,NY,Karl-Anthony Towns,False,True,1.0,rim,-5,5,Layup Shot Putback,3,False,Q1-Q3
401859965,3,75.0,SA,Julian Champagnie,True,False,26.0,three,3,3,Jump Shot,3,False,Q1-Q3
401859965,3,49.4,NY,Jordan Clarkson,True,True,24.0,three,-3,3,Step Back Jump Shot,3,False,Q1-Q3
401859965,3,33.5,SA,Dylan Harper,True,True,25.0,three,0,0,Step Back Jump Shot,3,False,Q1-Q3
401859965,3,14.9,NY,Mikal Bridges,False,True,15.0,midrange,-3,3,Pullup Jump Shot,3,False,Q1-Q3
401859965,3,2.5,SA,Dylan Harper,True,False,25.0,three,1,1,Pullup Jump Shot,3,False,Q1-Q3
401859965,4,696.0,SA,De'Aaron Fox,True,False,24.0,three,1,1,Jump Shot,3,False,Q4 non-clutch
401859965,4,690.0,SA,Victor Wembanyama,False,True,1.0,rim,1,1,Alley Oop Dunk Shot,3,False,Q4 non-clutch
401859965,4,679.0,NY,Jose Alvarado,True,False,23.0,three,-3,3,Pullup Jump Shot,3,False,Q4 non-clutch
401859965,4,663.0,NY,Jordan Clarkson,False,False,18.0,midrange,-3,3,Turnaround Jump Shot,3,False,Q4 non-clutch
401859965,4,619.0,SA,De'Aaron Fox,True,False,26.0,three,5,5,Pullup Jump Shot,3,False,Q4 non-clutch
401859965,4,613.0,SA,Stephon Castle,False,False,4.0,rim,5,5,Driving Layup Shot,3,False,Q4 non-clutch
401859965,4,590.0,NY,Landry Shamet,True,False,24.0,three,-5,5,Pullup Jump Shot,3,False,Q4 non-clutch
401859965,4,576.0,SA,Stephon Castle,True,False,27.0,three,5,5,Jump Shot,3,False,Q4 non-clutch
401859965,4,567.0,NY,Landry Shamet,True,False,23.0,three,-5,5,Jump Shot,3,False,Q4 non-clutch
401859965,4,549.0,SA,Julian Champagnie,False,False,,short2,5,5,Driving Floating Jump Shot,3,False,Q4 non-clutch
401859965,4,538.0,NY,Mikal Bridges,False,False,14.0,midrange,-5,5,Pullup Jump Shot,3,False,Q4 non-clutch
401859965,4,524.0,SA,Keldon Johnson,False,True,1.0,rim,5,5,Layup Shot,3,False,Q4 non-clutch
401859965,4,511.0,NY,Jalen Brunson,False,False,1.0,rim,-7,7,Driving Finger Roll Layup,3,False,Q4 non-clutch
401859965,4,510.0,NY,Mitchell Robinson,False,True,1.0,rim,-7,7,Tip Shot,3,False,Q4 non-clutch
401859965,4,491.0,SA,Dylan Harper,True,False,25.0,three,5,5,Jump Shot,3,False,Q4 non-clutch
401859965,4,476.0,NY,Josh Hart,True,False,23.0,three,-7,7,Jump Shot,3,False,Q4 non-clutch
401859965,4,451.0,NY,Jalen Brunson,False,True,1.0,rim,-7,7,Driving Layup Shot,3,False,Q4 non-clutch
401859965,4,434.0,SA,De'Aaron Fox,True,False,26.0,three,5,5,Jump Shot,3,False,Q4 non-clutch
401859965,4,409.0,NY,OG Anunoby,False,True,14.0,midrange,-7,7,Fade Away Jump Shot,3,False,Q4 non-clutch
401859965,4,388.0,SA,De'Aaron Fox,False,True,1.0,rim,5,5,Driving Layup Shot,3,False,Q4 non-clutch
401859965,4,369.0,NY,Miles McBride,True,False,23.0,three,-7,7,Jump Shot,3,False,Q4 non-clutch
401859965,4,362.0,SA,Dylan Harper,False,False,1.0,rim,7,7,Layup Running Reverse,3,False,Q4 non-clutch
401859965,4,356.0,NY,Karl-Anthony Towns,True,False,25.0,three,-7,7,Running Jump Shot,3,False,Q4 non-clutch
401859965,4,354.0,NY,Jalen Brunson,False,True,3.0,rim,-7,7,Driving Floating Bank Jump Shot,3,False,Q4 non-clutch
401859965,4,340.0,SA,Victor Wembanyama,False,True,1.0,rim,4,4,Alley Oop Layup Shot,3,False,Q4 non-clutch
401859965,4,318.0,NY,OG Anunoby,True,False,25.0,three,-6,6,Step Back Jump Shot,3,False,Q4 non-clutch
401859965,4,314.0,NY,Landry Shamet,True,False,25.0,three,-6,6,Jump Shot,3,False,Q4 non-clutch
401859965,4,303.0,SA,De'Aaron Fox,False,False,5.0,short2,6,6,Fade Away Jump Shot,3,False,Q4 non-clutch
401859965,4,279.0,NY,Jalen Brunson,False,False,5.0,short2,-8,8,Pullup Jump Shot,3,False,Q4 non-clutch
401859965,4,266.0,SA,Dylan Harper,False,False,1.0,rim,8,8,Driving Layup Shot,3,False,Q4 non-clutch
401859965,4,245.0,NY,Landry Shamet,False,False,1.0,rim,-8,8,Driving Finger Roll Layup,3,False,Q4 non-clutch
401859965,4,230.0,SA,Victor Wembanyama,True,False,26.0,three,8,8,Jump Shot,3,False,Q4 non-clutch
401859965,4,224.0,SA,Victor Wembanyama,False,False,1.0,rim,8,8,Cutting Layup Shot,3,False,Q4 non-clutch
401859965,4,182.0,NY,Karl-Anthony Towns,True,False,25.0,three,-6,6,Jump Shot,3,False,Q4 non-clutch
401859965,4,168.0,SA,Devin Vassell,True,False,25.0,three,6,6,Jump Shot,3,False,Q4 non-clutch
401859965,4,152.0,NY,Jalen Brunson,False,False,1.0,rim,-6,6,Driving Layup Shot,3,False,Q4 non-clutch
401859965,4,148.0,NY,Karl-Anthony Towns,False,False,1.0,rim,-6,6,Layup Shot Putback,3,False,Q4 non-clutch
401859965,4,147.0,NY,Karl-Anthony Towns,False,False,1.0,rim,-6,6,Cutting Layup Shot,3,False,Q4 non-clutch
401859965,4,142.0,NY,Jalen Brunson,False,True,18.0,midrange,-6,6,Pullup Jump Shot,3,False,Q4 non-clutch
401859965,4,113.0,SA,Stephon Castle,True,True,26.0,three,4,4,Jump Shot,3,True,Clutch
401859965,4,90.0,NY,Mikal Bridges,True,False,23.0,three,-7,7,Jump Shot,3,False,Q4 non-clutch
401859965,4,67.0,SA,Dylan Harper,True,False,25.0,three,7,7,Jump Shot,3,False,Q4 non-clutch
401859965,4,40.9,SA,Dylan Harper,False,False,20.0,midrange,6,6,Jump Shot,3,False,Q4 non-clutch
401859965,4,33.7,NY,Jalen Brunson,True,True,25.0,three,-6,6,Running Pullup Jump Shot,3,False,Q4 non-clutch
401859965,4,12.2,SA,De'Aaron Fox,False,True,15.0,midrange,3,3,Step Back Jump Shot,3,True,Clutch
401859965,4,9.4,NY,OG Anunoby,True,True,22.0,three,-5,5,Jump Shot,3,True,Clutch
401859965,4,4.8,NY,Mikal Bridges,True,False,27.0,three,-4,4,Turnaround Jump Shot,3,True,Clutch
401859965,4,1.0,NY,OG Anunoby,True,False,23.0,three,-4,4,Jump Shot,3,True,Clutch
401859966,1,681.0,NY,Karl-Anthony Towns,False,True,6.0,short2,-2,2,Driving Floating Jump Shot,4,False,Q1-Q3
401859966,1,669.0,SA,Devin Vassell,True,True,26.0,three,0,0,Jump Shot,4,False,Q1-Q3
401859966,1,642.0,SA,Victor Wembanyama,False,True,5.0,short2,3,3,Turnaround Jump Shot,4,False,Q1-Q3
401859966,1,632.0,NY,Mitchell Robinson,False,False,1.0,rim,-5,5,Alley Oop Layup Shot,4,False,Q1-Q3
401859966,1,626.0,SA,Stephon Castle,True,False,25.0,three,5,5,Running Jump Shot,4,False,Q1-Q3
401859966,1,615.0,NY,OG Anunoby,False,False,13.0,short2,-5,5,Step Back Jump Shot,4,False,Q1-Q3
401859966,1,606.0,SA,De'Aaron Fox,False,False,,short2,5,5,Running Pullup Jump Shot,4,False,Q1-Q3
401859966,1,592.0,NY,Jalen Brunson,False,False,18.0,midrange,-5,5,Step Back Jump Shot,4,False,Q1-Q3
401859966,1,574.0,SA,Devin Vassell,True,True,23.0,three,5,5,Jump Shot,4,False,Q1-Q3
401859966,1,557.0,SA,Julian Champagnie,False,True,1.0,rim,8,8,Running Dunk Shot,4,False,Q1-Q3
401859966,1,542.0,NY,Jalen Brunson,False,False,3.0,rim,-10,10,Driving Hook Shot,4,False,Q1-Q3
401859966,1,541.0,NY,Mitchell Robinson,False,False,1.0,rim,-10,10,Tip Shot,4,False,Q1-Q3
401859966,1,539.0,NY,Mitchell Robinson,False,False,1.0,rim,-10,10,Layup Shot Putback,4,False,Q1-Q3
401859966,1,532.0,NY,OG Anunoby,True,True,23.0,three,-10,10,Jump Shot,4,False,Q1-Q3
401859966,1,513.0,SA,Victor Wembanyama,False,True,2.0,rim,7,7,Driving Finger Roll Layup,4,False,Q1-Q3
401859966,1,488.0,SA,Stephon Castle,False,False,8.0,short2,7,7,Fade Away Jump Shot,4,False,Q1-Q3
401859966,1,482.0,NY,Josh Hart,False,True,1.0,rim,-7,7,Running Layup Shot,4,False,Q1-Q3
401859966,1,457.0,SA,Stephon Castle,False,True,13.0,short2,4,4,Fade Away Jump Shot,4,False,Q1-Q3
401859966,1,436.0,NY,Mikal Bridges,False,False,10.0,short2,-6,6,Turnaround Fade Away Jump Shot,4,False,Q1-Q3
401859966,1,419.0,SA,Stephon Castle,True,True,26.0,three,6,6,Jump Shot,4,False,Q1-Q3
401859966,1,389.0,NY,OG Anunoby,True,False,25.0,three,-9,9,Jump Shot,4,False,Q1-Q3
401859966,1,381.0,SA,Devin Vassell,True,True,25.0,three,9,9,Running Jump Shot,4,False,Q1-Q3
401859966,1,351.0,SA,Victor Wembanyama,True,True,25.0,three,10,10,Jump Shot,4,False,Q1-Q3
401859966,1,327.0,NY,Mikal Bridges,False,True,20.0,midrange,-13,13,Step Back Jump Shot,4,False,Q1-Q3
401859966,1,315.0,SA,Victor Wembanyama,True,False,25.0,three,11,11,Pullup Jump Shot,4,False,Q1-Q3
401859966,1,301.0,NY,Jalen Brunson,False,False,8.0,short2,-11,11,Pullup Jump Shot,4,False,Q1-Q3
401859966,1,293.0,SA,Keldon Johnson,False,True,1.0,rim,11,11,Running Layup Shot,4,False,Q1-Q3
401859966,1,280.0,NY,Mikal Bridges,True,True,23.0,three,-13,13,Jump Shot,4,False,Q1-Q3
401859966,1,255.0,SA,De'Aaron Fox,True,True,25.0,three,10,10,Pullup Jump Shot,4,False,Q1-Q3
401859966,1,224.0,SA,Dylan Harper,False,False,4.0,rim,13,13,Driving Layup Shot,4,False,Q1-Q3
401859966,1,199.0,SA,Victor Wembanyama,False,False,1.0,rim,13,13,Driving Layup Shot,4,False,Q1-Q3
401859966,1,197.0,SA,Victor Wembanyama,False,True,1.0,rim,13,13,Tip Dunk Shot,4,False,Q1-Q3
401859966,1,149.0,SA,Dylan Harper,False,True,16.0,midrange,13,13,Pullup Jump Shot,4,False,Q1-Q3
401859966,1,125.0,NY,Miles McBride,True,False,22.0,three,-14,14,Jump Shot,4,False,Q1-Q3
401859966,1,99.0,SA,De'Aaron Fox,True,False,23.0,three,15,15,Jump Shot,4,False,Q1-Q3
401859966,1,77.0,NY,Landry Shamet,False,False,12.0,short2,-15,15,Pullup Jump Shot,4,False,Q1-Q3
401859966,1,64.0,NY,Miles McBride,True,False,26.0,three,-15,15,Jump Shot,4,False,Q1-Q3
401859966,1,45.9,SA,Victor Wembanyama,False,True,4.0,rim,15,15,Hook Turnaround Bank,4,False,Q1-Q3
401859966,1,27.7,SA,Devin Vassell,False,True,15.0,midrange,19,19,Jump Shot,4,False,Q1-Q3
401859966,1,3.8,SA,De'Aaron Fox,True,False,25.0,three,19,19,Step Back Jump Shot,4,False,Q1-Q3
401859966,2,696.0,NY,OG Anunoby,True,True,23.0,three,-19,19,Jump Shot,4,False,Q1-Q3
401859966,2,681.0,SA,De'Aaron Fox,True,True,23.0,three,16,16,Jump Shot,4,False,Q1-Q3
401859966,2,645.0,SA,De'Aaron Fox,True,True,23.0,three,19,19,Step Back Jump Shot,4,False,Q1-Q3
401859966,2,629.0,NY,Jalen Brunson,False,False,10.0,short2,-23,23,Step Back Jump Shot,4,False,Q1-Q3
401859966,2,625.0,NY,Karl-Anthony Towns,False,True,1.0,rim,-23,23,Layup Shot Putback,4,False,Q1-Q3
401859966,2,606.0,SA,Julian Champagnie,True,False,26.0,three,20,20,Jump Shot,4,False,Q1-Q3
401859966,2,598.0,NY,Jalen Brunson,False,True,1.0,rim,-20,20,Running Layup Shot,4,False,Q1-Q3
401859966,2,582.0,SA,Dylan Harper,True,True,23.0,three,18,18,Jump Shot,4,False,Q1-Q3
401859966,2,565.0,NY,Miles McBride,True,False,26.0,three,-21,21,Jump Shot,4,False,Q1-Q3
401859966,2,556.0,SA,Carter Bryant,True,True,22.0,three,21,21,Jump Shot,4,False,Q1-Q3
401859966,2,536.0,NY,Jalen Brunson,False,True,12.0,short2,-24,24,Driving Floating Jump Shot,4,False,Q1-Q3
401859966,2,523.0,SA,Julian Champagnie,True,True,25.0,three,22,22,Jump Shot,4,False,Q1-Q3
401859966,2,501.0,NY,Jordan Clarkson,True,False,22.0,three,-25,25,Pullup Jump Shot,4,False,Q1-Q3
401859966,2,486.0,SA,Julian Champagnie,True,False,25.0,three,25,25,Jump Shot,4,False,Q1-Q3
401859966,2,479.0,NY,Jordan Clarkson,False,True,1.0,rim,-25,25,Running Layup Shot,4,False,Q1-Q3
401859966,2,473.0,SA,Carter Bryant,False,True,1.0,rim,23,23,Alley Oop Dunk Shot,4,False,Q1-Q3
401859966,2,454.0,NY,Mikal Bridges,False,False,17.0,midrange,-25,25,Pullup Jump Shot,4,False,Q1-Q3
401859966,2,441.0,SA,Julian Champagnie,True,False,24.0,three,25,25,Pullup Jump Shot,4,False,Q1-Q3
401859966,2,436.0,SA,Carter Bryant,False,False,1.0,rim,25,25,Driving Layup Shot,4,False,Q1-Q3
401859966,2,395.0,NY,Jalen Brunson,False,True,1.0,rim,-25,25,Running Finger Roll Layup,4,False,Q1-Q3
401859966,2,376.0,SA,Stephon Castle,False,False,1.0,rim,23,23,Driving Layup Shot,4,False,Q1-Q3
401859966,2,371.0,NY,Jalen Brunson,False,True,1.0,rim,-23,23,Running Finger Roll Layup,4,False,Q1-Q3
401859966,2,346.0,SA,Devin Vassell,True,True,22.0,three,21,21,Jump Shot,4,False,Q1-Q3
401859966,2,328.0,NY,Jalen Brunson,False,False,,short2,-24,24,Driving Floating Jump Shot,4,False,Q1-Q3
401859966,2,321.0,SA,Victor Wembanyama,True,False,26.0,three,24,24,Running Jump Shot,4,False,Q1-Q3
401859966,2,299.0,SA,De'Aaron Fox,False,True,8.0,short2,22,22,Turnaround Jump Shot,4,False,Q1-Q3
401859966,2,272.0,NY,Jeremy Sochan,False,False,14.0,midrange,-24,24,Turnaround Fade Away Jump Shot,4,False,Q1-Q3
401859966,2,259.0,SA,Dylan Harper,False,True,1.0,rim,24,24,Driving Layup Shot,4,False,Q1-Q3
401859966,2,246.0,NY,OG Anunoby,False,True,15.0,midrange,-26,26,Turnaround Jump Shot,4,False,Q1-Q3
401859966,2,227.0,SA,Dylan Harper,True,True,25.0,three,24,24,Jump Shot,4,False,Q1-Q3
401859966,2,208.0,NY,Jalen Brunson,True,False,26.0,three,-27,27,Pullup Jump Shot,4,False,Q1-Q3
401859966,2,195.0,NY,Jalen Brunson,True,False,22.0,three,-27,27,Jump Shot,4,False,Q1-Q3
401859966,2,186.0,SA,Dylan Harper,False,True,1.0,rim,27,27,Running Layup Shot,4,False,Q1-Q3
401859966,2,159.0,SA,Stephon Castle,True,False,25.0,three,28,28,Jump Shot,4,False,Q1-Q3
401859966,2,148.0,SA,Victor Wembanyama,True,False,25.0,three,28,28,Step Back Jump Shot,4,False,Q1-Q3
401859966,2,141.0,NY,Jalen Brunson,True,True,24.0,three,-28,28,Jump Shot,4,False,Q1-Q3
401859966,2,122.0,SA,Julian Champagnie,True,False,23.0,three,25,25,Jump Shot,4,False,Q1-Q3
401859966,2,85.0,SA,Victor Wembanyama,False,True,1.0,rim,24,24,Cutting Layup Shot,4,False,Q1-Q3
401859966,2,76.0,NY,Jalen Brunson,False,True,7.0,short2,-26,26,Pullup Jump Shot,4,False,Q1-Q3
401859966,2,57.8,SA,Dylan Harper,True,True,22.0,three,24,24,Jump Shot,4,False,Q1-Q3
401859966,2,43.9,NY,OG Anunoby,True,False,23.0,three,-27,27,Pullup Jump Shot,4,False,Q1-Q3
401859966,2,35.0,SA,Victor Wembanyama,True,False,30.0,three,27,27,Jump Shot,4,False,Q1-Q3
401859966,2,26.2,NY,Jalen Brunson,False,False,,short2,-27,27,Running Pullup Jump Shot,4,False,Q1-Q3
401859966,2,1.3,SA,De'Aaron Fox,False,False,5.0,short2,27,27,Pullup Jump Shot,4,False,Q1-Q3
401859966,3,697.0,NY,OG Anunoby,False,False,15.0,midrange,-27,27,Step Back Jump Shot,4,False,Q1-Q3
401859966,3,682.0,SA,Devin Vassell,True,False,25.0,three,27,27,Jump Shot,4,False,Q1-Q3
401859966,3,664.0,NY,OG Anunoby,True,True,25.0,three,-27,27,Jump Shot,4,False,Q1-Q3
401859966,3,649.0,SA,Victor Wembanyama,False,False,3.0,rim,24,24,Jump Shot Bank,4,False,Q1-Q3
401859966,3,637.0,SA,Victor Wembanyama,True,True,22.0,three,24,24,Running Jump Shot,4,False,Q1-Q3
401859966,3,614.0,NY,Mikal Bridges,False,False,8.0,short2,-27,27,Fade Away Jump Shot,4,False,Q1-Q3
401859966,3,580.0,SA,De'Aaron Fox,False,True,16.0,midrange,27,27,Pullup Jump Shot,4,False,Q1-Q3
401859966,3,558.0,NY,Jalen Brunson,True,False,25.0,three,-27,27,Jump Shot,4,False,Q1-Q3
401859966,3,538.0,SA,Keldon Johnson,False,False,1.0,rim,27,27,Driving Layup Shot,4,False,Q1-Q3
401859966,3,537.0,SA,Keldon Johnson,False,False,1.0,rim,27,27,Tip Shot,4,False,Q1-Q3
401859966,3,535.0,SA,Keldon Johnson,False,False,1.0,rim,27,27,Layup Shot Putback,4,False,Q1-Q3
401859966,3,526.0,NY,OG Anunoby,False,True,1.0,rim,-27,27,Cutting Dunk Shot,4,False,Q1-Q3
401859966,3,519.0,SA,Julian Champagnie,True,False,25.0,three,25,25,Jump Shot,4,False,Q1-Q3
401859966,3,503.0,NY,Jalen Brunson,True,True,25.0,three,-25,25,Pullup Jump Shot,4,False,Q1-Q3
401859966,3,479.0,SA,Dylan Harper,True,False,25.0,three,22,22,Jump Shot,4,False,Q1-Q3
401859966,3,464.0,NY,Jalen Brunson,False,False,12.0,short2,-22,22,Fade Away Jump Shot,4,False,Q1-Q3
401859966,3,435.0,NY,Karl-Anthony Towns,False,False,1.0,rim,-22,22,Driving Layup Shot,4,False,Q1-Q3
401859966,3,422.0,SA,Devin Vassell,True,False,26.0,three,22,22,Jump Shot,4,False,Q1-Q3
401859966,3,410.0,NY,OG Anunoby,True,True,23.0,three,-22,22,Jump Shot,4,False,Q1-Q3
401859966,3,399.0,SA,Keldon Johnson,True,False,23.0,three,19,19,Jump Shot,4,False,Q1-Q3
401859966,3,383.0,NY,Mikal Bridges,False,False,11.0,short2,-19,19,Fade Away Jump Shot,4,False,Q1-Q3
401859966,3,359.0,SA,De'Aaron Fox,True,False,25.0,three,19,19,Step Back Jump Shot,4,False,Q1-Q3
401859966,3,334.0,NY,Mikal Bridges,True,False,23.0,three,-19,19,Jump Shot,4,False,Q1-Q3
401859966,3,331.0,NY,Josh Hart,True,True,25.0,three,-19,19,Jump Shot,4,False,Q1-Q3
401859966,3,307.0,NY,Landry Shamet,True,False,22.0,three,-16,16,Running Jump Shot,4,False,Q1-Q3
401859966,3,291.0,NY,Jose Alvarado,True,False,24.0,three,-16,16,Pullup Jump Shot,4,False,Q1-Q3
401859966,3,263.0,NY,Josh Hart,True,False,26.0,three,-18,18,Jump Shot,4,False,Q1-Q3
401859966,3,232.0,NY,Jalen Brunson,False,True,21.0,midrange,-20,20,Driving Floating Jump Shot,4,False,Q1-Q3
401859966,3,216.0,SA,Dylan Harper,False,True,10.0,short2,17,17,Turnaround Jump Shot,4,False,Q1-Q3
401859966,3,193.0,NY,Jalen Brunson,False,True,18.0,midrange,-19,19,Step Back Jump Shot,4,False,Q1-Q3
401859966,3,179.0,SA,Dylan Harper,True,False,25.0,three,17,17,Step Back Jump Shot,4,False,Q1-Q3
401859966,3,163.0,NY,Mitchell Robinson,False,True,1.0,rim,-17,17,Alley Oop Dunk Shot,4,False,Q1-Q3
401859966,3,145.0,SA,De'Aaron Fox,True,False,23.0,three,15,15,Jump Shot,4,False,Q1-Q3
401859966,3,139.0,SA,Victor Wembanyama,True,False,25.0,three,15,15,Jump Shot,4,False,Q1-Q3
401859966,3,134.0,SA,Victor Wembanyama,True,False,26.0,three,15,15,Jump Shot,4,False,Q1-Q3
401859966,3,118.0,SA,Julian Champagnie,False,False,1.0,rim,15,15,Running Layup Shot,4,False,Q1-Q3
401859966,3,106.0,SA,Devin Vassell,True,True,24.0,three,15,15,Jump Shot,4,False,Q1-Q3
401859966,3,77.0,NY,Jordan Clarkson,False,False,11.0,short2,-18,18,Turnaround Fade Away Jump Shot,4,False,Q1-Q3
401859966,3,53.2,NY,OG Anunoby,True,True,25.0,three,-18,18,Step Back Jump Shot,4,False,Q1-Q3
401859966,3,16.9,NY,OG Anunoby,False,False,3.0,rim,-15,15,Cutting Layup Shot,4,False,Q1-Q3
401859966,3,0.6,SA,Victor Wembanyama,False,False,18.0,midrange,15,15,Fade Away Jump Shot,4,False,Q1-Q3
401859966,4,708.0,SA,Victor Wembanyama,False,False,4.0,rim,15,15,Driving Layup Shot,4,False,Q4 non-clutch
401859966,4,690.0,NY,Miles McBride,True,False,23.0,three,-15,15,Jump Shot,4,False,Q4 non-clutch
401859966,4,670.0,SA,Dylan Harper,False,True,1.0,rim,15,15,Driving Layup Shot,4,False,Q4 non-clutch
401859966,4,647.0,NY,Mitchell Robinson,False,False,1.0,rim,-17,17,Alley Oop Dunk Shot,4,False,Q4 non-clutch
401859966,4,641.0,SA,Victor Wembanyama,False,False,1.0,rim,17,17,Alley Oop Layup Shot,4,False,Q4 non-clutch
401859966,4,640.0,SA,Victor Wembanyama,False,False,1.0,rim,17,17,Tip Shot,4,False,Q4 non-clutch
401859966,4,624.0,NY,Landry Shamet,True,False,23.0,three,-18,18,Jump Shot,4,False,Q4 non-clutch
401859966,4,610.0,SA,Dylan Harper,True,False,26.0,three,18,18,Jump Shot,4,False,Q4 non-clutch
401859966,4,597.0,NY,Mikal Bridges,True,False,22.0,three,-18,18,Jump Shot,4,False,Q4 non-clutch
401859966,4,578.0,SA,Victor Wembanyama,False,False,,short2,18,18,Driving Floating Jump Shot,4,False,Q4 non-clutch
401859966,4,576.0,SA,Victor Wembanyama,False,False,1.0,rim,18,18,Tip Shot,4,False,Q4 non-clutch
401859966,4,573.0,SA,Victor Wembanyama,False,True,1.0,rim,18,18,Layup Shot Putback,4,False,Q4 non-clutch
401859966,4,556.0,NY,Jose Alvarado,True,True,22.0,three,-20,20,Jump Shot,4,False,Q4 non-clutch
401859966,4,531.0,SA,Victor Wembanyama,False,False,1.0,rim,17,17,Alley Oop Layup Shot,4,False,Q4 non-clutch
401859966,4,524.0,NY,Mikal Bridges,False,True,1.0,rim,-17,17,Running Layup Shot,4,False,Q4 non-clutch
401859966,4,501.0,SA,Victor Wembanyama,False,False,20.0,midrange,15,15,Pullup Jump Shot,4,False,Q4 non-clutch
401859966,4,474.0,SA,Stephon Castle,False,False,19.0,midrange,15,15,Step Back Jump Shot,4,False,Q4 non-clutch
401859966,4,448.0,NY,Karl-Anthony Towns,True,True,24.0,three,-15,15,Step Back Jump Shot,4,False,Q4 non-clutch
401859966,4,423.0,NY,OG Anunoby,True,True,23.0,three,-14,14,Jump Shot,4,False,Q4 non-clutch
401859966,4,395.0,NY,Karl-Anthony Towns,False,True,1.0,rim,-11,11,Driving Layup Shot,4,False,Q4 non-clutch
401859966,4,358.0,SA,Julian Champagnie,True,False,25.0,three,9,9,Jump Shot,4,False,Q4 non-clutch
401859966,4,344.0,SA,Devin Vassell,True,False,23.0,three,9,9,Running Jump Shot,4,False,Q4 non-clutch
401859966,4,320.0,NY,Jalen Brunson,False,True,1.0,rim,-9,9,Driving Finger Roll Layup,4,False,Q4 non-clutch
401859966,4,297.0,SA,De'Aaron Fox,False,False,20.0,midrange,7,7,Step Back Jump Shot,4,False,Q4 non-clutch
401859966,4,274.0,NY,OG Anunoby,True,True,23.0,three,-7,7,Jump Shot,4,False,Q4 non-clutch
401859966,4,251.0,SA,De'Aaron Fox,True,True,25.0,three,4,4,Jump Shot,4,True,Clutch
401859966,4,229.0,NY,Jose Alvarado,False,True,1.0,rim,-7,7,Driving Finger Roll Layup,4,False,Q4 non-clutch
401859966,4,211.0,SA,Victor Wembanyama,False,True,17.0,midrange,5,5,Jump Shot,4,True,Clutch
401859966,4,187.0,NY,Jose Alvarado,True,True,25.0,three,-7,7,Jump Shot,4,False,Q4 non-clutch
401859966,4,163.0,SA,De'Aaron Fox,True,False,26.0,three,4,4,Pullup Jump Shot,4,True,Clutch
401859966,4,141.0,NY,Jalen Brunson,True,True,26.0,three,-4,4,Pullup Jump Shot,4,True,Clutch
401859966,4,117.0,NY,Josh Hart,False,False,1.0,rim,-1,1,Running Layup Shot,4,True,Clutch
401859966,4,82.0,NY,Jalen Brunson,False,True,5.0,short2,-1,1,Driving Floating Jump Shot,4,True,Clutch
401859966,4,39.2,NY,Jalen Brunson,False,False,12.0,short2,1,1,Fade Away Jump Shot,4,True,Clutch
401859966,4,32.0,SA,De'Aaron Fox,False,False,18.0,midrange,-1,1,Pullup Jump Shot,4,True,Clutch
401859966,4,16.1,NY,Jalen Brunson,False,False,,short2,-1,1,Driving Floating Bank Jump Shot,4,True,Clutch
401859966,4,11.1,SA,De'Aaron Fox,False,False,2.0,rim,1,1,Layup Shot,4,True,Clutch
401859966,4,4.4,NY,Jalen Brunson,True,False,30.0,three,-1,1,Pullup Jump Shot,4,True,Clutch
401859966,4,2.1,NY,OG Anunoby,False,True,1.0,rim,-1,1,Tip Shot,4,True,Clutch
401859967,1,695.0,NY,Jalen Brunson,False,False,,short2,0,0,Driving Floating Jump Shot,5,False,Q1-Q3
401859967,1,672.0,SA,Stephon Castle,True,False,26.0,three,0,0,Jump Shot,5,False,Q1-Q3
401859967,1,645.0,NY,Josh Hart,False,False,19.0,midrange,0,0,Turnaround Bank Jump Shot,5,False,Q1-Q3
401859967,1,616.0,NY,Mikal Bridges,False,False,13.0,short2,0,0,Pullup Jump Shot,5,False,Q1-Q3
401859967,1,606.0,NY,Josh Hart,False,False,1.0,rim,0,0,Driving Finger Roll Layup,5,False,Q1-Q3
401859967,1,597.0,NY,Karl-Anthony Towns,False,False,5.0,rim,0,0,Driving Layup Shot,5,False,Q1-Q3
401859967,1,584.0,SA,Victor Wembanyama,False,True,1.0,rim,0,0,Running Dunk Shot,5,False,Q1-Q3
401859967,1,570.0,NY,Jalen Brunson,True,True,25.0,three,-2,2,Pullup Jump Shot,5,False,Q1-Q3
401859967,1,555.0,SA,De'Aaron Fox,True,False,26.0,three,-1,1,Jump Shot,5,False,Q1-Q3
401859967,1,538.0,NY,Karl-Anthony Towns,False,False,1.0,rim,1,1,Driving Floating Jump Shot,5,False,Q1-Q3
401859967,1,527.0,SA,Victor Wembanyama,False,False,2.0,rim,-1,1,Hook Driving Bank,5,False,Q1-Q3
401859967,1,523.0,SA,Julian Champagnie,False,True,1.0,rim,-1,1,Layup Shot Putback,5,False,Q1-Q3
401859967,1,501.0,NY,OG Anunoby,False,False,1.0,rim,-1,1,Driving Dunk Shot,5,False,Q1-Q3
401859967,1,493.0,SA,De'Aaron Fox,False,False,1.0,rim,1,1,Running Layup Shot,5,False,Q1-Q3
401859967,1,449.0,NY,Karl-Anthony Towns,True,False,26.0,three,-1,1,Jump Shot,5,False,Q1-Q3
401859967,1,437.0,SA,Keldon Johnson,False,False,,short2,1,1,Driving Floating Jump Shot,5,False,Q1-Q3
401859967,1,436.0,SA,Victor Wembanyama,False,True,1.0,rim,1,1,Tip Dunk Shot,5,False,Q1-Q3
401859967,1,419.0,NY,OG Anunoby,False,False,12.0,short2,-3,3,Step Back Jump Shot,5,False,Q1-Q3
401859967,1,400.0,SA,Dylan Harper,True,True,25.0,three,3,3,Jump Shot,5,False,Q1-Q3
401859967,1,380.0,NY,OG Anunoby,True,True,22.0,three,-6,6,Jump Shot,5,False,Q1-Q3
401859967,1,368.0,SA,Devin Vassell,True,False,23.0,three,3,3,Jump Shot,5,False,Q1-Q3
401859967,1,353.0,NY,Jalen Brunson,False,False,14.0,midrange,-3,3,Step Back Jump Shot,5,False,Q1-Q3
401859967,1,344.0,NY,Josh Hart,True,False,23.0,three,-3,3,Jump Shot,5,False,Q1-Q3
401859967,1,335.0,SA,Dylan Harper,False,True,7.0,short2,3,3,Running Pullup Jump Shot,5,False,Q1-Q3
401859967,1,310.0,NY,Mikal Bridges,True,False,26.0,three,-5,5,Jump Shot,5,False,Q1-Q3
401859967,1,298.0,SA,Keldon Johnson,False,False,,short2,5,5,Running Pullup Jump Shot,5,False,Q1-Q3
401859967,1,291.0,SA,Keldon Johnson,True,False,25.0,three,5,5,Jump Shot,5,False,Q1-Q3
401859967,1,283.0,SA,Dylan Harper,False,True,1.0,rim,5,5,Layup Driving Reverse,5,False,Q1-Q3
401859967,1,259.0,NY,Landry Shamet,True,False,25.0,three,-7,7,Step Back Jump Shot,5,False,Q1-Q3
401859967,1,244.0,SA,De'Aaron Fox,True,False,25.0,three,7,7,Jump Shot,5,False,Q1-Q3
401859967,1,227.0,NY,OG Anunoby,False,False,1.0,rim,-7,7,Running Layup Shot,5,False,Q1-Q3
401859967,1,200.0,NY,Jalen Brunson,False,False,,short2,-7,7,Driving Floating Jump Shot,5,False,Q1-Q3
401859967,1,186.0,SA,Keldon Johnson,True,True,22.0,three,7,7,Jump Shot,5,False,Q1-Q3
401859967,1,163.0,NY,OG Anunoby,True,False,25.0,three,-10,10,Step Back Jump Shot,5,False,Q1-Q3
401859967,1,144.0,SA,Julian Champagnie,True,False,23.0,three,10,10,Running Jump Shot,5,False,Q1-Q3
401859967,1,134.0,NY,Jalen Brunson,False,True,11.0,short2,-10,10,Step Back Jump Shot,5,False,Q1-Q3
401859967,1,112.0,SA,Julian Champagnie,True,False,23.0,three,8,8,Jump Shot,5,False,Q1-Q3
401859967,1,101.0,NY,Jose Alvarado,False,False,,short2,-8,8,Driving Floating Jump Shot,5,False,Q1-Q3
401859967,1,84.0,SA,De'Aaron Fox,False,True,9.0,short2,8,8,Pullup Jump Shot,5,False,Q1-Q3
401859967,1,60.0,NY,Jalen Brunson,True,True,27.0,three,-10,10,Pullup Jump Shot,5,False,Q1-Q3
401859967,1,51.7,SA,Victor Wembanyama,True,False,26.0,three,7,7,Jump Shot,5,False,Q1-Q3
401859967,1,22.5,SA,Julian Champagnie,True,True,25.0,three,7,7,Jump Shot,5,False,Q1-Q3
401859967,1,1.6,NY,Jose Alvarado,True,False,29.0,three,-10,10,Jump Shot,5,False,Q1-Q3
401859967,2,696.0,SA,De'Aaron Fox,True,False,27.0,three,10,10,Pullup Bank Jump Shot,5,False,Q1-Q3
401859967,2,677.0,NY,Jose Alvarado,True,False,22.0,three,-10,10,Jump Shot,5,False,Q1-Q3
401859967,2,659.0,SA,Julian Champagnie,True,True,24.0,three,10,10,Jump Shot,5,False,Q1-Q3
401859967,2,634.0,NY,Landry Shamet,False,False,2.0,rim,-13,13,Cutting Layup Shot,5,False,Q1-Q3
401859967,2,613.0,SA,Stephon Castle,False,False,1.0,rim,13,13,Driving Layup Shot,5,False,Q1-Q3
401859967,2,611.0,SA,Stephon Castle,False,False,,short2,13,13,Fade Away Jump Shot,5,False,Q1-Q3
401859967,2,610.0,SA,Victor Wembanyama,False,False,3.0,rim,13,13,Hook Shot,5,False,Q1-Q3
401859967,2,573.0,NY,Jose Alvarado,False,False,1.0,rim,-13,13,Driving Finger Roll Layup,5,False,Q1-Q3
401859967,2,544.0,NY,Karl-Anthony Towns,False,True,18.0,midrange,-15,15,Turnaround Fade Away Jump Shot,5,False,Q1-Q3
401859967,2,519.0,SA,Dylan Harper,True,False,25.0,three,13,13,Jump Shot,5,False,Q1-Q3
401859967,2,517.0,SA,Victor Wembanyama,False,False,1.0,rim,13,13,Tip Shot,5,False,Q1-Q3
401859967,2,509.0,SA,Victor Wembanyama,True,True,25.0,three,13,13,Jump Shot,5,False,Q1-Q3
401859967,2,464.0,NY,Mikal Bridges,True,True,23.0,three,-16,16,Jump Shot,5,False,Q1-Q3
401859967,2,450.0,SA,Stephon Castle,False,False,,short2,13,13,Driving Floating Bank Jump Shot,5,False,Q1-Q3
401859967,2,446.0,SA,Devin Vassell,True,False,23.0,three,13,13,Jump Shot,5,False,Q1-Q3
401859967,2,436.0,NY,Karl-Anthony Towns,False,False,1.0,rim,-13,13,Driving Layup Shot,5,False,Q1-Q3
401859967,2,426.0,SA,Stephon Castle,True,False,27.0,three,13,13,Jump Shot,5,False,Q1-Q3
401859967,2,411.0,NY,Jalen Brunson,False,False,1.0,rim,-13,13,Driving Layup Shot,5,False,Q1-Q3
401859967,2,401.0,SA,Dylan Harper,False,True,14.0,midrange,13,13,Pullup Jump Shot,5,False,Q1-Q3
401859967,2,381.0,NY,Josh Hart,True,True,25.0,three,-15,15,Jump Shot,5,False,Q1-Q3
401859967,2,347.0,NY,Jalen Brunson,False,False,,short2,-12,12,Driving Floating Jump Shot,5,False,Q1-Q3
401859967,2,346.0,NY,Mitchell Robinson,False,False,1.0,rim,-12,12,Tip Shot,5,False,Q1-Q3
401859967,2,332.0,NY,Josh Hart,True,False,25.0,three,-12,12,Step Back Jump Shot,5,False,Q1-Q3
401859967,2,328.0,NY,Jalen Brunson,True,True,26.0,three,-12,12,Jump Shot,5,False,Q1-Q3
401859967,2,317.0,SA,Victor Wembanyama,False,False,15.0,midrange,9,9,Jump Shot,5,False,Q1-Q3
401859967,2,306.0,NY,Miles McBride,True,False,27.0,three,-9,9,Jump Shot Bank,5,False,Q1-Q3
401859967,2,297.0,SA,Devin Vassell,False,True,1.0,rim,9,9,Running Finger Roll Layup,5,False,Q1-Q3
401859967,2,284.0,NY,Jalen Brunson,False,True,10.0,short2,-11,11,Pullup Jump Shot,5,False,Q1-Q3
401859967,2,270.0,SA,Victor Wembanyama,True,False,26.0,three,9,9,Jump Shot,5,False,Q1-Q3
401859967,2,246.0,NY,Jalen Brunson,False,True,20.0,midrange,-9,9,Jump Shot,5,False,Q1-Q3
401859967,2,230.0,SA,Victor Wembanyama,False,False,,short2,7,7,Driving Floating Jump Shot,5,False,Q1-Q3
401859967,2,212.0,SA,De'Aaron Fox,True,True,24.0,three,7,7,Jump Shot,5,False,Q1-Q3
401859967,2,185.0,SA,Stephon Castle,True,False,22.0,three,9,9,Jump Shot,5,False,Q1-Q3
401859967,2,165.0,NY,Mikal Bridges,True,True,26.0,three,-9,9,Jump Shot,5,False,Q1-Q3
401859967,2,143.0,NY,Mikal Bridges,True,False,25.0,three,-8,8,Pullup Jump Shot,5,False,Q1-Q3
401859967,2,130.0,SA,Stephon Castle,False,False,,short2,8,8,Driving Floating Jump Shot,5,False,Q1-Q3
401859967,2,117.0,NY,Mikal Bridges,True,False,26.0,three,-8,8,Jump Shot,5,False,Q1-Q3
401859967,2,103.0,SA,De'Aaron Fox,False,False,10.0,short2,8,8,Step Back Jump Shot,5,False,Q1-Q3
401859967,2,97.0,NY,Jalen Brunson,True,False,,three,-8,8,Running Pullup Jump Shot,5,False,Q1-Q3
401859967,2,78.0,NY,Josh Hart,False,True,1.0,rim,-8,8,Running Finger Roll Layup,5,False,Q1-Q3
401859967,2,67.0,NY,Mikal Bridges,False,True,4.0,rim,-5,5,Driving Floating Jump Shot,5,False,Q1-Q3
401859967,2,50.7,SA,Dylan Harper,False,False,9.0,short2,3,3,Turnaround Jump Shot,5,False,Q1-Q3
401859967,2,36.3,SA,De'Aaron Fox,True,False,26.0,three,3,3,Pullup Jump Shot,5,False,Q1-Q3
401859967,2,18.0,NY,Josh Hart,False,False,9.0,short2,-3,3,Turnaround Jump Shot,5,False,Q1-Q3
401859967,2,0.1,SA,Devin Vassell,False,True,12.0,short2,3,3,Pullup Jump Shot,5,False,Q1-Q3
401859967,3,696.0,SA,De'Aaron Fox,True,False,23.0,three,5,5,Jump Shot,5,False,Q1-Q3
401859967,3,686.0,NY,OG Anunoby,True,False,24.0,three,-5,5,Jump Shot,5,False,Q1-Q3
401859967,3,654.0,NY,Mikal Bridges,False,True,6.0,short2,-5,5,Driving Floating Jump Shot,5,False,Q1-Q3
401859967,3,641.0,SA,Julian Champagnie,True,True,23.0,three,3,3,Jump Shot,5,False,Q1-Q3
401859967,3,622.0,NY,Jalen Brunson,False,True,12.0,short2,-6,6,Pullup Jump Shot,5,False,Q1-Q3
401859967,3,599.0,NY,Jalen Brunson,True,False,26.0,three,-4,4,Pullup Jump Shot,5,False,Q1-Q3
401859967,3,582.0,SA,Victor Wembanyama,False,True,1.0,rim,4,4,Running Dunk Shot,5,False,Q1-Q3
401859967,3,569.0,SA,Julian Champagnie,True,True,25.0,three,7,7,Step Back Jump Shot,5,False,Q1-Q3
401859967,3,540.0,NY,Mikal Bridges,True,False,23.0,three,-10,10,Jump Shot,5,False,Q1-Q3
401859967,3,529.0,SA,Victor Wembanyama,False,True,10.0,short2,10,10,Turnaround Jump Shot,5,False,Q1-Q3
401859967,3,516.0,NY,Mikal Bridges,True,True,25.0,three,-12,12,Jump Shot,5,False,Q1-Q3
401859967,3,501.0,SA,Victor Wembanyama,True,False,26.0,three,9,9,Jump Shot,5,False,Q1-Q3
401859967,3,486.0,NY,Jalen Brunson,False,True,16.0,midrange,-9,9,Pullup Jump Shot,5,False,Q1-Q3
401859967,3,461.0,SA,Dylan Harper,False,True,1.0,rim,7,7,Driving Finger Roll Layup,5,False,Q1-Q3
401859967,3,442.0,NY,OG Anunoby,True,False,23.0,three,-9,9,Step Back Jump Shot,5,False,Q1-Q3
401859967,3,432.0,NY,Jalen Brunson,False,True,3.0,rim,-9,9,Driving Finger Roll Layup,5,False,Q1-Q3
401859967,3,421.0,SA,Julian Champagnie,True,False,23.0,three,7,7,Jump Shot,5,False,Q1-Q3
401859967,3,409.0,NY,Jalen Brunson,True,False,26.0,three,-7,7,Jump Shot,5,False,Q1-Q3
401859967,3,400.0,SA,Dylan Harper,False,False,1.0,rim,7,7,Driving Finger Roll Layup,5,False,Q1-Q3
401859967,3,393.0,NY,OG Anunoby,False,True,1.0,rim,-7,7,Running Layup Shot,5,False,Q1-Q3
401859967,3,377.0,SA,Dylan Harper,False,True,16.0,midrange,5,5,Step Back Jump Shot,5,False,Q1-Q3
401859967,3,351.0,NY,Landry Shamet,True,False,27.0,three,-7,7,Jump Shot,5,False,Q1-Q3
401859967,3,339.0,SA,Victor Wembanyama,False,True,1.0,rim,7,7,Layup Shot,5,False,Q1-Q3
401859967,3,329.0,NY,Jalen Brunson,True,True,26.0,three,-9,9,Pullup Jump Shot,5,False,Q1-Q3
401859967,3,319.0,SA,Devin Vassell,True,True,25.0,three,6,6,Jump Shot,5,False,Q1-Q3
401859967,3,288.0,NY,Landry Shamet,False,False,20.0,midrange,-9,9,Turnaround Fade Away Jump Shot,5,False,Q1-Q3
401859967,3,271.0,SA,Dylan Harper,True,True,26.0,three,9,9,Jump Shot,5,False,Q1-Q3
401859967,3,243.0,NY,Jalen Brunson,False,False,14.0,midrange,-12,12,Turnaround Jump Shot,5,False,Q1-Q3
401859967,3,223.0,NY,OG Anunoby,False,False,1.0,rim,-12,12,Driving Layup Shot,5,False,Q1-Q3
401859967,3,222.0,NY,Jordan Clarkson,False,False,1.0,rim,-12,12,Tip Shot,5,False,Q1-Q3
401859967,3,202.0,NY,OG Anunoby,True,False,25.0,three,-13,13,Step Back Jump Shot,5,False,Q1-Q3
401859967,3,193.0,SA,Dylan Harper,False,False,1.0,rim,13,13,Driving Layup Shot,5,False,Q1-Q3
401859967,3,191.0,SA,Dylan Harper,False,True,1.0,rim,13,13,Layup Shot Putback,5,False,Q1-Q3
401859967,3,163.0,SA,Luke Kornet,False,False,4.0,rim,14,14,Alley Oop Layup Shot,5,False,Q1-Q3
401859967,3,154.0,NY,Jordan Clarkson,True,False,23.0,three,-14,14,Running Jump Shot,5,False,Q1-Q3
401859967,3,124.0,NY,Josh Hart,True,True,26.0,three,-15,15,Pullup Jump Shot,5,False,Q1-Q3
401859967,3,108.0,SA,Julian Champagnie,True,False,26.0,three,12,12,Jump Shot,5,False,Q1-Q3
401859967,3,96.0,NY,Jalen Brunson,False,False,1.0,rim,-12,12,Running Finger Roll Layup,5,False,Q1-Q3
401859967,3,91.0,NY,Jordan Clarkson,False,False,11.0,short2,-12,12,Driving Floating Jump Shot,5,False,Q1-Q3
401859967,3,76.0,SA,De'Aaron Fox,False,True,7.0,short2,9,9,Driving Floating Jump Shot,5,False,Q1-Q3
401859967,3,63.0,NY,Miles McBride,True,False,23.0,three,-11,11,Jump Shot,5,False,Q1-Q3
401859967,3,51.6,SA,Dylan Harper,True,False,23.0,three,11,11,Jump Shot,5,False,Q1-Q3
401859967,3,39.5,NY,Jordan Clarkson,False,True,10.0,short2,-11,11,Driving Floating Jump Shot,5,False,Q1-Q3
401859967,3,27.5,SA,De'Aaron Fox,True,False,23.0,three,9,9,Jump Shot,5,False,Q1-Q3
401859967,3,5.1,NY,Jalen Brunson,False,False,9.0,short2,-9,9,Fade Away Jump Shot,5,False,Q1-Q3
401859967,3,3.5,NY,Mitchell Robinson,False,True,1.0,rim,-9,9,Tip Shot,5,False,Q1-Q3
401859967,3,0.1,SA,Victor Wembanyama,True,False,,three,7,7,Heave Jump Shot,5,False,Q1-Q3
401859967,4,695.0,NY,Jordan Clarkson,True,False,26.0,three,-7,7,Jump Shot,5,False,Q4 non-clutch
401859967,4,673.0,SA,Keldon Johnson,True,True,24.0,three,7,7,Jump Shot,5,False,Q4 non-clutch
401859967,4,659.0,NY,Josh Hart,True,True,25.0,three,-10,10,Jump Shot,5,False,Q4 non-clutch
401859967,4,645.0,SA,Devin Vassell,True,False,25.0,three,7,7,Jump Shot,5,False,Q4 non-clutch
401859967,4,635.0,SA,Victor Wembanyama,False,True,1.0,rim,7,7,Driving Dunk Shot,5,False,Q4 non-clutch
401859967,4,586.0,SA,Victor Wembanyama,False,False,1.0,rim,9,9,Alley Oop Layup Shot,5,False,Q4 non-clutch
401859967,4,568.0,NY,Landry Shamet,True,True,25.0,three,-9,9,Jump Shot,5,False,Q4 non-clutch
401859967,4,550.0,SA,Devin Vassell,True,True,26.0,three,6,6,Jump Shot,5,False,Q4 non-clutch
401859967,4,537.0,NY,Jose Alvarado,False,False,,short2,-9,9,Driving Floating Bank Jump Shot,5,False,Q4 non-clutch
401859967,4,511.0,NY,Landry Shamet,False,True,1.0,rim,-10,10,Driving Layup Shot,5,False,Q4 non-clutch
401859967,4,501.0,SA,Dylan Harper,False,True,1.0,rim,8,8,Driving Finger Roll Layup,5,False,Q4 non-clutch
401859967,4,481.0,NY,Landry Shamet,True,False,23.0,three,-10,10,Jump Shot,5,False,Q4 non-clutch
401859967,4,444.0,SA,Victor Wembanyama,False,False,16.0,midrange,8,8,Fade Away Jump Shot,5,False,Q4 non-clutch
401859967,4,434.0,NY,Jalen Brunson,False,True,1.0,rim,-8,8,Driving Finger Roll Layup,5,False,Q4 non-clutch
401859967,4,410.0,SA,Stephon Castle,False,False,13.0,short2,6,6,Pullup Jump Shot,5,False,Q4 non-clutch
401859967,4,388.0,NY,Jalen Brunson,False,True,1.0,rim,-6,6,Driving Finger Roll Layup,5,False,Q4 non-clutch
401859967,4,348.0,NY,Karl-Anthony Towns,True,False,25.0,three,-4,4,Step Back Jump Shot,5,False,Q4 non-clutch
401859967,4,323.0,SA,De'Aaron Fox,False,False,11.0,short2,4,4,Pullup Jump Shot,5,False,Q4 non-clutch
401859967,4,299.0,SA,De'Aaron Fox,False,False,16.0,midrange,2,2,Pullup Jump Shot,5,True,Clutch
401859967,4,288.0,NY,Jalen Brunson,False,True,1.0,rim,-2,2,Running Finger Roll Layup,5,True,Clutch
401859967,4,266.0,SA,Dylan Harper,False,False,15.0,midrange,0,0,Pullup Jump Shot,5,True,Clutch
401859967,4,254.0,SA,Devin Vassell,False,True,16.0,midrange,0,0,Pullup Jump Shot,5,True,Clutch
401859967,4,234.0,NY,Jalen Brunson,False,False,13.0,short2,-2,2,Turnaround Fade Away Jump Shot,5,True,Clutch
401859967,4,204.0,SA,De'Aaron Fox,False,False,17.0,midrange,-1,1,Pullup Jump Shot,5,True,Clutch
401859967,4,179.0,SA,Stephon Castle,False,False,1.0,rim,-1,1,Driving Layup Shot,5,True,Clutch
401859967,4,157.0,NY,Karl-Anthony Towns,False,False,,short2,1,1,Driving Floating Jump Shot,5,True,Clutch
401859967,4,156.0,NY,Josh Hart,False,False,1.0,rim,1,1,Layup Shot Putback,5,True,Clutch
401859967,4,149.0,SA,Dylan Harper,False,False,6.0,rim,-1,1,Running Layup Shot,5,True,Clutch
401859967,4,139.0,SA,Dylan Harper,False,False,1.0,rim,-1,1,Driving Finger Roll Layup,5,True,Clutch
401859967,4,127.0,NY,OG Anunoby,False,True,1.0,rim,1,1,Cutting Dunk Shot,5,True,Clutch
401859967,4,89.0,NY,Jalen Brunson,False,False,14.0,midrange,2,2,Step Back Jump Shot,5,True,Clutch
401859967,4,76.0,SA,Dylan Harper,False,True,8.0,short2,-2,2,Turnaround Jump Shot,5,True,Clutch
401859967,4,65.0,NY,Jalen Brunson,False,True,11.0,short2,0,0,Driving Floating Jump Shot,5,True,Clutch
401859967,4,54.3,SA,De'Aaron Fox,True,False,23.0,three,-2,2,Jump Shot,5,True,Clutch
401859967,4,36.3,NY,Josh Hart,True,False,26.0,three,2,2,Jump Shot,5,True,Clutch
401859967,4,27.3,SA,Dylan Harper,False,False,1.0,rim,-2,2,Running Finger Roll Layup,5,True,Clutch
401859967,4,17.9,SA,Victor Wembanyama,True,False,26.0,three,-4,4,Jump Shot,5,True,Clutch
401859967,4,16.3,SA,Stephon Castle,False,True,1.0,rim,-4,4,Tip Dunk Shot,5,True,Clutch
401859967,4,2.0,SA,Victor Wembanyama,True,False,25.0,three,-4,4,Jump Shot,5,True,Clutch
